ISO-10303-21;
HEADER;

/* File generated by Shapr3D Version 26.161.0.11733 */

FILE_DESCRIPTION(('HOOPS Exchange Step'),'2;1');

FILE_NAME('/Users/jonathanpiette/Library/Containers/com.shapr3d.shapr/Data/tmp/export/temp_export',
'2026-09-21T13:28:55+02:00',
('jonathanpiette'),
('Shapr3D Limited'),
'HOOPS Exchange 2026.3',
'Shapr3D',
'Authorized');

FILE_SCHEMA( ('AP242_MANAGED_MODEL_BASED_3D_ENGINEERING_MIM_LF {1 0 10303 442 1 1 4}') );

ENDSEC;

DATA;
#3=(NAMED_UNIT(*)PLANE_ANGLE_UNIT()SI_UNIT($,.RADIAN.));
#4=PLANE_ANGLE_MEASURE_WITH_UNIT(PLANE_ANGLE_MEASURE(0.0174532925),#3);
#5=(CONVERSION_BASED_UNIT('DEGREE',#4)NAMED_UNIT(#6)PLANE_ANGLE_UNIT());
#6=DIMENSIONAL_EXPONENTS(0.,0.,0.,0.,0.,0.,0.);
#7=(NAMED_UNIT(*)SI_UNIT($,.STERADIAN.)SOLID_ANGLE_UNIT());
#8=(LENGTH_UNIT()NAMED_UNIT(*)SI_UNIT(.MILLI.,.METRE.));
#9=UNCERTAINTY_MEASURE_WITH_UNIT(LENGTH_MEASURE(1.000000E-03),#8,'DISTANCE_ACCURACY_VALUE','Maximum Tolerance applied to model');
#10=(GEOMETRIC_REPRESENTATION_CONTEXT(3)GLOBAL_UNCERTAINTY_ASSIGNED_CONTEXT((#9))GLOBAL_UNIT_ASSIGNED_CONTEXT((#8,#5,#7))REPRESENTATION_CONTEXT('','root'));
#12=CARTESIAN_POINT('',(0.,0.,0.));
#13=DIRECTION('',(0.,0.,1.));
#14=DIRECTION('',(1.,0.,0.));
#15=AXIS2_PLACEMENT_3D('',#12,#13,#14);
#26=(NAMED_UNIT(*)PLANE_ANGLE_UNIT()SI_UNIT($,.RADIAN.));
#27=PLANE_ANGLE_MEASURE_WITH_UNIT(PLANE_ANGLE_MEASURE(0.0174532925),#26);
#28=(CONVERSION_BASED_UNIT('DEGREE',#27)NAMED_UNIT(#29)PLANE_ANGLE_UNIT());
#29=DIMENSIONAL_EXPONENTS(0.,0.,0.,0.,0.,0.,0.);
#30=(NAMED_UNIT(*)SI_UNIT($,.STERADIAN.)SOLID_ANGLE_UNIT());
#31=(LENGTH_UNIT()NAMED_UNIT(*)SI_UNIT(.MILLI.,.METRE.));
#32=UNCERTAINTY_MEASURE_WITH_UNIT(LENGTH_MEASURE(1.000000E-05),#31,'DISTANCE_ACCURACY_VALUE','Maximum Tolerance applied to model');
#33=(GEOMETRIC_REPRESENTATION_CONTEXT(3)GLOBAL_UNCERTAINTY_ASSIGNED_CONTEXT((#32))GLOBAL_UNIT_ASSIGNED_CONTEXT((#31,#28,#30))REPRESENTATION_CONTEXT('','top'));
#45=CARTESIAN_POINT('',(0.,0.,0.));
#46=DIRECTION('',(0.,0.,1.));
#47=DIRECTION('',(1.,0.,-0.));
#48=AXIS2_PLACEMENT_3D('',#45,#46,#47);
#49=ITEM_DEFINED_TRANSFORMATION('','',#48,#15);
#50=(REPRESENTATION_RELATIONSHIP('','',#35,#16)REPRESENTATION_RELATIONSHIP_WITH_TRANSFORMATION(#49)SHAPE_REPRESENTATION_RELATIONSHIP());
#51=NEXT_ASSEMBLY_USAGE_OCCURRENCE('top_1','top','top',#25,#44,$);
#52=PRODUCT_DEFINITION_SHAPE('','',#51);
#53=CONTEXT_DEPENDENT_SHAPE_REPRESENTATION(#50,#52);
#55=CARTESIAN_POINT('',(56.,90.,26.));
#56=DIRECTION('',(0.,1.,0.));
#57=DIRECTION('',(0.,0.,1.));
#58=AXIS2_PLACEMENT_3D('',#55,#56,#57);
#59=PLANE('',#58);
#60=CARTESIAN_POINT('',(14.5,90.,28.6));
#61=VERTEX_POINT('',#60);
#62=CARTESIAN_POINT('',(14.5,90.,22.4));
#63=VERTEX_POINT('',#62);
#64=CARTESIAN_POINT('',(14.5,90.,25.5));
#65=DIRECTION('',(0.,-1.,0.));
#66=DIRECTION('',(0.,0.,-1.));
#67=AXIS2_PLACEMENT_3D('',#64,#65,#66);
#68=CIRCLE('',#67,3.1);
#69=EDGE_CURVE('',#61,#63,#68,.T.);
#70=ORIENTED_EDGE('',*,*,#69,.F.);
#71=CARTESIAN_POINT('',(14.5,90.,25.5));
#72=DIRECTION('',(0.,-1.,0.));
#73=DIRECTION('',(0.,0.,-1.));
#74=AXIS2_PLACEMENT_3D('',#71,#72,#73);
#75=CIRCLE('',#74,3.1);
#76=EDGE_CURVE('',#63,#61,#75,.T.);
#77=ORIENTED_EDGE('',*,*,#76,.F.);
#78=EDGE_LOOP('',(#70,#77));
#79=FACE_BOUND('',#78,.T.);
#80=CARTESIAN_POINT('',(9.582575695,90.,30.));
#81=VERTEX_POINT('',#80);
#82=CARTESIAN_POINT('',(9.582575695,90.,22.3));
#83=VERTEX_POINT('',#82);
#84=CARTESIAN_POINT('',(9.582575695,90.,30.));
#85=DIRECTION('',(0.,0.,-1.));
#86=VECTOR('',#85,7.7);
#87=LINE('',#84,#86);
#88=EDGE_CURVE('',#81,#83,#87,.T.);
#89=ORIENTED_EDGE('',*,*,#88,.T.);
#90=CARTESIAN_POINT('',(17.7,90.,22.3));
#91=VERTEX_POINT('',#90);
#92=CARTESIAN_POINT('',(17.7,90.,22.3));
#93=DIRECTION('',(-1.,0.,0.));
#94=VECTOR('',#93,8.117424305);
#95=LINE('',#92,#94);
#96=EDGE_CURVE('',#91,#83,#95,.T.);
#97=ORIENTED_EDGE('',*,*,#96,.F.);
#98=CARTESIAN_POINT('',(17.7,90.,30.));
#99=VERTEX_POINT('',#98);
#100=CARTESIAN_POINT('',(17.7,90.,22.3));
#101=DIRECTION('',(0.,0.,1.));
#102=VECTOR('',#101,7.7);
#103=LINE('',#100,#102);
#104=EDGE_CURVE('',#91,#99,#103,.T.);
#105=ORIENTED_EDGE('',*,*,#104,.T.);
#106=CARTESIAN_POINT('',(17.7,90.,30.));
#107=DIRECTION('',(-1.,0.,0.));
#108=VECTOR('',#107,8.117424305);
#109=LINE('',#106,#108);
#110=EDGE_CURVE('',#99,#81,#109,.T.);
#111=ORIENTED_EDGE('',*,*,#110,.T.);
#112=EDGE_LOOP('',(#89,#97,#105,#111));
#113=FACE_BOUND('',#112,.T.);
#114=ADVANCED_FACE('',(#79,#113),#59,.F.);
#115=CARTESIAN_POINT('',(56.,92.,26.));
#116=DIRECTION('',(0.,-1.,0.));
#117=DIRECTION('',(0.,0.,-1.));
#118=AXIS2_PLACEMENT_3D('',#115,#116,#117);
#119=PLANE('',#118);
#120=CARTESIAN_POINT('',(104.,92.,30.));
#121=VERTEX_POINT('',#120);
#122=CARTESIAN_POINT('',(104.,92.,22.5));
#123=VERTEX_POINT('',#122);
#124=CARTESIAN_POINT('',(104.,92.,30.));
#125=DIRECTION('',(-0.,-0.,-1.));
#126=VECTOR('',#125,7.5);
#127=LINE('',#124,#126);
#128=EDGE_CURVE('',#121,#123,#127,.T.);
#129=ORIENTED_EDGE('',*,*,#128,.T.);
#130=CARTESIAN_POINT('',(94.010050506,92.,22.5));
#131=VERTEX_POINT('',#130);
#132=CARTESIAN_POINT('',(94.010050506,92.,22.5));
#133=DIRECTION('',(1.,0.,-0.));
#134=VECTOR('',#133,9.989949494);
#135=LINE('',#132,#134);
#136=EDGE_CURVE('',#131,#123,#135,.T.);
#137=ORIENTED_EDGE('',*,*,#136,.F.);
#138=CARTESIAN_POINT('',(94.010050506,92.,30.));
#139=VERTEX_POINT('',#138);
#140=CARTESIAN_POINT('',(94.010050506,92.,22.5));
#141=DIRECTION('',(0.,0.,1.));
#142=VECTOR('',#141,7.5);
#143=LINE('',#140,#142);
#144=EDGE_CURVE('',#131,#139,#143,.T.);
#145=ORIENTED_EDGE('',*,*,#144,.T.);
#146=CARTESIAN_POINT('',(94.010050506,92.,30.));
#147=DIRECTION('',(1.,0.,-0.));
#148=VECTOR('',#147,9.989949494);
#149=LINE('',#146,#148);
#150=EDGE_CURVE('',#139,#121,#149,.T.);
#151=ORIENTED_EDGE('',*,*,#150,.T.);
#152=EDGE_LOOP('',(#129,#137,#145,#151));
#153=FACE_BOUND('',#152,.T.);
#154=CARTESIAN_POINT('',(97.5,92.,23.4));
#155=VERTEX_POINT('',#154);
#156=CARTESIAN_POINT('',(99.052505421,92.,26.91411701));
#157=VERTEX_POINT('',#156);
#158=CARTESIAN_POINT('',(97.5,92.,25.5));
#159=DIRECTION('',(-0.,1.,-0.));
#160=DIRECTION('',(0.,0.,-1.));
#161=AXIS2_PLACEMENT_3D('',#158,#159,#160);
#162=CIRCLE('',#161,2.1);
#163=EDGE_CURVE('',#155,#157,#162,.T.);
#164=ORIENTED_EDGE('',*,*,#163,.F.);
#165=CARTESIAN_POINT('',(97.5,92.,25.5));
#166=DIRECTION('',(-0.,1.,-0.));
#167=DIRECTION('',(0.,0.,-1.));
#168=AXIS2_PLACEMENT_3D('',#165,#166,#167);
#169=CIRCLE('',#168,2.1);
#170=EDGE_CURVE('',#157,#155,#169,.T.);
#171=ORIENTED_EDGE('',*,*,#170,.F.);
#172=EDGE_LOOP('',(#164,#171));
#173=FACE_BOUND('',#172,.T.);
#174=ADVANCED_FACE('',(#153,#173),#119,.F.);
#175=CARTESIAN_POINT('',(56.,5.,26.));
#176=DIRECTION('',(0.,-1.,0.));
#177=DIRECTION('',(0.,0.,-1.));
#178=AXIS2_PLACEMENT_3D('',#175,#176,#177);
#179=PLANE('',#178);
#180=CARTESIAN_POINT('',(15.31847419,5.,22.5));
#181=VERTEX_POINT('',#180);
#182=CARTESIAN_POINT('',(17.989949494,5.,22.5));
#183=VERTEX_POINT('',#182);
#184=CARTESIAN_POINT('',(15.31847419,5.,22.5));
#185=DIRECTION('',(1.,0.,-0.));
#186=VECTOR('',#185,2.671475303);
#187=LINE('',#184,#186);
#188=EDGE_CURVE('',#181,#183,#187,.T.);
#189=ORIENTED_EDGE('',*,*,#188,.F.);
#190=CARTESIAN_POINT('',(12.830801093,5.,28.102235635));
#191=VERTEX_POINT('',#190);
#192=CARTESIAN_POINT('',(14.5,5.,25.49));
#193=DIRECTION('',(-0.,-1.,-0.));
#194=DIRECTION('',(0.,-0.,1.));
#195=AXIS2_PLACEMENT_3D('',#192,#193,#194);
#196=CIRCLE('',#195,3.1);
#197=EDGE_CURVE('',#181,#191,#196,.T.);
#198=ORIENTED_EDGE('',*,*,#197,.T.);
#199=CARTESIAN_POINT('',(13.68152581,5.,22.5));
#200=VERTEX_POINT('',#199);
#201=CARTESIAN_POINT('',(14.5,5.,25.49));
#202=DIRECTION('',(-0.,-1.,-0.));
#203=DIRECTION('',(0.,-0.,1.));
#204=AXIS2_PLACEMENT_3D('',#201,#202,#203);
#205=CIRCLE('',#204,3.1);
#206=EDGE_CURVE('',#191,#200,#205,.T.);
#207=ORIENTED_EDGE('',*,*,#206,.T.);
#208=CARTESIAN_POINT('',(10.,5.,22.5));
#209=VERTEX_POINT('',#208);
#210=CARTESIAN_POINT('',(10.,5.,22.5));
#211=DIRECTION('',(1.,0.,-0.));
#212=VECTOR('',#211,3.68152581);
#213=LINE('',#210,#212);
#214=EDGE_CURVE('',#209,#200,#213,.T.);
#215=ORIENTED_EDGE('',*,*,#214,.F.);
#216=CARTESIAN_POINT('',(10.,5.,30.));
#217=VERTEX_POINT('',#216);
#218=CARTESIAN_POINT('',(10.,5.,22.5));
#219=DIRECTION('',(0.,0.,1.));
#220=VECTOR('',#219,7.5);
#221=LINE('',#218,#220);
#222=EDGE_CURVE('',#209,#217,#221,.T.);
#223=ORIENTED_EDGE('',*,*,#222,.T.);
#224=CARTESIAN_POINT('',(17.989949494,5.,30.));
#225=VERTEX_POINT('',#224);
#226=CARTESIAN_POINT('',(10.,5.,30.));
#227=DIRECTION('',(1.,0.,-0.));
#228=VECTOR('',#227,7.989949494);
#229=LINE('',#226,#228);
#230=EDGE_CURVE('',#217,#225,#229,.T.);
#231=ORIENTED_EDGE('',*,*,#230,.T.);
#232=CARTESIAN_POINT('',(17.989949494,5.,22.5));
#233=DIRECTION('',(0.,0.,1.));
#234=VECTOR('',#233,7.5);
#235=LINE('',#232,#234);
#236=EDGE_CURVE('',#183,#225,#235,.T.);
#237=ORIENTED_EDGE('',*,*,#236,.F.);
#238=EDGE_LOOP('',(#189,#198,#207,#215,#223,#231,#237));
#239=FACE_BOUND('',#238,.T.);
#240=ADVANCED_FACE('',(#239),#179,.F.);
#241=CARTESIAN_POINT('',(56.,3.,26.));
#242=DIRECTION('',(0.,1.,0.));
#243=DIRECTION('',(0.,0.,1.));
#244=AXIS2_PLACEMENT_3D('',#241,#242,#243);
#245=PLANE('',#244);
#246=CARTESIAN_POINT('',(8.,3.,30.));
#247=VERTEX_POINT('',#246);
#248=CARTESIAN_POINT('',(8.,3.,22.5));
#249=VERTEX_POINT('',#248);
#250=CARTESIAN_POINT('',(8.,3.,30.));
#251=DIRECTION('',(-0.,-0.,-1.));
#252=VECTOR('',#251,7.5);
#253=LINE('',#250,#252);
#254=EDGE_CURVE('',#247,#249,#253,.T.);
#255=ORIENTED_EDGE('',*,*,#254,.T.);
#256=CARTESIAN_POINT('',(17.989949494,3.,22.5));
#257=VERTEX_POINT('',#256);
#258=CARTESIAN_POINT('',(17.989949494,3.,22.5));
#259=DIRECTION('',(-1.,0.,0.));
#260=VECTOR('',#259,9.989949494);
#261=LINE('',#258,#260);
#262=EDGE_CURVE('',#257,#249,#261,.T.);
#263=ORIENTED_EDGE('',*,*,#262,.F.);
#264=CARTESIAN_POINT('',(17.989949494,3.,30.));
#265=VERTEX_POINT('',#264);
#266=CARTESIAN_POINT('',(17.989949494,3.,22.5));
#267=DIRECTION('',(0.,0.,1.));
#268=VECTOR('',#267,7.5);
#269=LINE('',#266,#268);
#270=EDGE_CURVE('',#257,#265,#269,.T.);
#271=ORIENTED_EDGE('',*,*,#270,.T.);
#272=CARTESIAN_POINT('',(17.989949494,3.,30.));
#273=DIRECTION('',(-1.,0.,0.));
#274=VECTOR('',#273,9.989949494);
#275=LINE('',#272,#274);
#276=EDGE_CURVE('',#265,#247,#275,.T.);
#277=ORIENTED_EDGE('',*,*,#276,.T.);
#278=EDGE_LOOP('',(#255,#263,#271,#277));
#279=FACE_BOUND('',#278,.T.);
#280=CARTESIAN_POINT('',(14.5,3.,27.59));
#281=VERTEX_POINT('',#280);
#282=CARTESIAN_POINT('',(12.816588592,3.,26.745438581));
#283=VERTEX_POINT('',#282);
#284=CARTESIAN_POINT('',(14.5,3.,25.49));
#285=DIRECTION('',(-0.,-1.,-0.));
#286=DIRECTION('',(0.,-0.,1.));
#287=AXIS2_PLACEMENT_3D('',#284,#285,#286);
#288=CIRCLE('',#287,2.1);
#289=EDGE_CURVE('',#281,#283,#288,.T.);
#290=ORIENTED_EDGE('',*,*,#289,.F.);
#291=CARTESIAN_POINT('',(14.5,3.,25.49));
#292=DIRECTION('',(-0.,-1.,-0.));
#293=DIRECTION('',(0.,-0.,1.));
#294=AXIS2_PLACEMENT_3D('',#291,#292,#293);
#295=CIRCLE('',#294,2.1);
#296=EDGE_CURVE('',#283,#281,#295,.T.);
#297=ORIENTED_EDGE('',*,*,#296,.F.);
#298=EDGE_LOOP('',(#290,#297));
#299=FACE_BOUND('',#298,.T.);
#300=ADVANCED_FACE('',(#279,#299),#245,.F.);
#301=CARTESIAN_POINT('',(107.,47.5,26.));
#302=DIRECTION('',(1.,0.,0.));
#303=DIRECTION('',(0.,0.,-1.));
#304=AXIS2_PLACEMENT_3D('',#301,#302,#303);
#305=PLANE('',#304);
#306=CARTESIAN_POINT('',(107.,7.4,30.));
#307=VERTEX_POINT('',#306);
#308=CARTESIAN_POINT('',(107.,10.442640687,30.));
#309=VERTEX_POINT('',#308);
#310=CARTESIAN_POINT('',(107.,7.4,30.));
#311=DIRECTION('',(0.,1.,0.));
#312=VECTOR('',#311,3.042640687);
#313=LINE('',#310,#312);
#314=EDGE_CURVE('',#307,#309,#313,.T.);
#315=ORIENTED_EDGE('',*,*,#314,.T.);
#316=CARTESIAN_POINT('',(107.,7.400003375,27.848530524));
#317=VERTEX_POINT('',#316);
#318=CARTESIAN_POINT('',(107.,10.442640687,30.));
#319=DIRECTION('',(-0.,-0.816496581,-0.577350269));
#320=VECTOR('',#319,3.726454443);
#321=LINE('',#318,#320);
#322=EDGE_CURVE('',#309,#317,#321,.T.);
#323=ORIENTED_EDGE('',*,*,#322,.T.);
#324=CARTESIAN_POINT('',(107.,7.4,27.848530524));
#325=DIRECTION('',(0.,0.,1.));
#326=VECTOR('',#325,2.151469476);
#327=LINE('',#324,#326);
#328=EDGE_CURVE('',#317,#307,#327,.T.);
#329=ORIENTED_EDGE('',*,*,#328,.T.);
#330=EDGE_LOOP('',(#315,#323,#329));
#331=FACE_BOUND('',#330,.T.);
#332=ADVANCED_FACE('',(#331),#305,.F.);
#333=CARTESIAN_POINT('',(56.,5.,26.));
#334=DIRECTION('',(0.,-1.,0.));
#335=DIRECTION('',(0.,0.,-1.));
#336=AXIS2_PLACEMENT_3D('',#333,#334,#335);
#337=PLANE('',#336);
#338=CARTESIAN_POINT('',(98.668813484,5.,28.371214907));
#339=VERTEX_POINT('',#338);
#340=CARTESIAN_POINT('',(96.718975032,5.,22.5));
#341=VERTEX_POINT('',#340);
#342=CARTESIAN_POINT('',(97.5,5.,25.5));
#343=DIRECTION('',(-0.,-1.,-0.));
#344=DIRECTION('',(0.,-0.,1.));
#345=AXIS2_PLACEMENT_3D('',#342,#343,#344);
#346=CIRCLE('',#345,3.1);
#347=EDGE_CURVE('',#339,#341,#346,.T.);
#348=ORIENTED_EDGE('',*,*,#347,.T.);
#349=CARTESIAN_POINT('',(96.272637571,5.,22.5));
#350=VERTEX_POINT('',#349);
#351=CARTESIAN_POINT('',(96.272637571,5.,22.5));
#352=DIRECTION('',(1.,0.,-0.));
#353=VECTOR('',#352,0.446337462);
#354=LINE('',#351,#353);
#355=EDGE_CURVE('',#350,#341,#354,.T.);
#356=ORIENTED_EDGE('',*,*,#355,.F.);
#357=CARTESIAN_POINT('',(96.151471863,5.,22.498164438));
#358=VERTEX_POINT('',#357);
#359=CARTESIAN_POINT('',(96.151471863,5.,26.498164438));
#360=DIRECTION('',(-0.,1.,-0.));
#361=DIRECTION('',(0.,0.,-1.));
#362=AXIS2_PLACEMENT_3D('',#359,#360,#361);
#363=CIRCLE('',#362,4.);
#364=EDGE_CURVE('',#350,#358,#363,.T.);
#365=ORIENTED_EDGE('',*,*,#364,.T.);
#366=CARTESIAN_POINT('',(92.151471863,5.,26.498164438));
#367=VERTEX_POINT('',#366);
#368=CARTESIAN_POINT('',(96.151471863,5.,26.498164438));
#369=DIRECTION('',(-0.,1.,-0.));
#370=DIRECTION('',(0.,0.,-1.));
#371=AXIS2_PLACEMENT_3D('',#368,#369,#370);
#372=CIRCLE('',#371,4.);
#373=EDGE_CURVE('',#358,#367,#372,.T.);
#374=ORIENTED_EDGE('',*,*,#373,.T.);
#375=CARTESIAN_POINT('',(92.151471863,5.,30.));
#376=VERTEX_POINT('',#375);
#377=CARTESIAN_POINT('',(92.151471863,5.,26.498164438));
#378=DIRECTION('',(0.,0.,1.));
#379=VECTOR('',#378,3.501835562);
#380=LINE('',#377,#379);
#381=EDGE_CURVE('',#367,#376,#380,.T.);
#382=ORIENTED_EDGE('',*,*,#381,.T.);
#383=CARTESIAN_POINT('',(104.6,5.,30.));
#384=VERTEX_POINT('',#383);
#385=CARTESIAN_POINT('',(92.151471863,5.,30.));
#386=DIRECTION('',(1.,0.,-0.));
#387=VECTOR('',#386,12.448528137);
#388=LINE('',#385,#387);
#389=EDGE_CURVE('',#376,#384,#388,.T.);
#390=ORIENTED_EDGE('',*,*,#389,.T.);
#391=CARTESIAN_POINT('',(104.600002643,5.,24.454417457));
#392=VERTEX_POINT('',#391);
#393=CARTESIAN_POINT('',(104.6,5.,30.));
#394=DIRECTION('',(-0.,-0.,-1.));
#395=VECTOR('',#394,5.545582543);
#396=LINE('',#393,#395);
#397=EDGE_CURVE('',#384,#392,#396,.T.);
#398=ORIENTED_EDGE('',*,*,#397,.T.);
#399=CARTESIAN_POINT('',(101.757359313,5.,22.444365081));
#400=VERTEX_POINT('',#399);
#401=CARTESIAN_POINT('',(101.757359313,5.,22.444365081));
#402=DIRECTION('',(0.816496581,-0.,0.577350269));
#403=VECTOR('',#402,3.48151284);
#404=LINE('',#401,#403);
#405=EDGE_CURVE('',#400,#392,#404,.T.);
#406=ORIENTED_EDGE('',*,*,#405,.F.);
#407=CARTESIAN_POINT('',(101.757359313,5.,22.5));
#408=VERTEX_POINT('',#407);
#409=CARTESIAN_POINT('',(101.757359313,5.,22.5));
#410=DIRECTION('',(-0.,-0.,-1.));
#411=VECTOR('',#410,0.055634919);
#412=LINE('',#409,#411);
#413=EDGE_CURVE('',#408,#400,#412,.T.);
#414=ORIENTED_EDGE('',*,*,#413,.F.);
#415=CARTESIAN_POINT('',(98.281024968,5.,22.5));
#416=VERTEX_POINT('',#415);
#417=CARTESIAN_POINT('',(98.281024968,5.,22.5));
#418=DIRECTION('',(1.,0.,-0.));
#419=VECTOR('',#418,3.476334345);
#420=LINE('',#417,#419);
#421=EDGE_CURVE('',#416,#408,#420,.T.);
#422=ORIENTED_EDGE('',*,*,#421,.F.);
#423=CARTESIAN_POINT('',(97.5,5.,25.5));
#424=DIRECTION('',(-0.,-1.,-0.));
#425=DIRECTION('',(0.,-0.,1.));
#426=AXIS2_PLACEMENT_3D('',#423,#424,#425);
#427=CIRCLE('',#426,3.1);
#428=EDGE_CURVE('',#416,#339,#427,.T.);
#429=ORIENTED_EDGE('',*,*,#428,.T.);
#430=EDGE_LOOP('',(#348,#356,#365,#374,#382,#390,#398,#406,#414,#422,#429));
#431=FACE_BOUND('',#430,.T.);
#432=ADVANCED_FACE('',(#431),#337,.F.);
#433=CARTESIAN_POINT('',(56.,90.,26.));
#434=DIRECTION('',(0.,1.,0.));
#435=DIRECTION('',(0.,0.,1.));
#436=AXIS2_PLACEMENT_3D('',#433,#434,#435);
#437=PLANE('',#436);
#438=CARTESIAN_POINT('',(96.718975032,90.,22.5));
#439=VERTEX_POINT('',#438);
#440=CARTESIAN_POINT('',(94.010050506,90.,22.5));
#441=VERTEX_POINT('',#440);
#442=CARTESIAN_POINT('',(96.718975032,90.,22.5));
#443=DIRECTION('',(-1.,0.,0.));
#444=VECTOR('',#443,2.708924526);
#445=LINE('',#442,#444);
#446=EDGE_CURVE('',#439,#441,#445,.T.);
#447=ORIENTED_EDGE('',*,*,#446,.F.);
#448=CARTESIAN_POINT('',(97.5,90.,28.6));
#449=VERTEX_POINT('',#448);
#450=CARTESIAN_POINT('',(97.5,90.,25.5));
#451=DIRECTION('',(-0.,1.,-0.));
#452=DIRECTION('',(0.,0.,-1.));
#453=AXIS2_PLACEMENT_3D('',#450,#451,#452);
#454=CIRCLE('',#453,3.1);
#455=EDGE_CURVE('',#439,#449,#454,.T.);
#456=ORIENTED_EDGE('',*,*,#455,.T.);
#457=CARTESIAN_POINT('',(99.050694122,90.,28.18427788));
#458=VERTEX_POINT('',#457);
#459=CARTESIAN_POINT('',(97.5,90.,25.5));
#460=DIRECTION('',(-0.,1.,-0.));
#461=DIRECTION('',(0.,0.,-1.));
#462=AXIS2_PLACEMENT_3D('',#459,#460,#461);
#463=CIRCLE('',#462,3.1);
#464=EDGE_CURVE('',#449,#458,#463,.T.);
#465=ORIENTED_EDGE('',*,*,#464,.T.);
#466=CARTESIAN_POINT('',(98.281024968,90.,22.5));
#467=VERTEX_POINT('',#466);
#468=CARTESIAN_POINT('',(97.5,90.,25.5));
#469=DIRECTION('',(-0.,1.,-0.));
#470=DIRECTION('',(0.,0.,-1.));
#471=AXIS2_PLACEMENT_3D('',#468,#469,#470);
#472=CIRCLE('',#471,3.1);
#473=EDGE_CURVE('',#458,#467,#472,.T.);
#474=ORIENTED_EDGE('',*,*,#473,.T.);
#475=CARTESIAN_POINT('',(102.,90.,22.5));
#476=VERTEX_POINT('',#475);
#477=CARTESIAN_POINT('',(102.,90.,22.5));
#478=DIRECTION('',(-1.,0.,0.));
#479=VECTOR('',#478,3.718975032);
#480=LINE('',#477,#479);
#481=EDGE_CURVE('',#476,#467,#480,.T.);
#482=ORIENTED_EDGE('',*,*,#481,.F.);
#483=CARTESIAN_POINT('',(102.,90.,30.));
#484=VERTEX_POINT('',#483);
#485=CARTESIAN_POINT('',(102.,90.,22.5));
#486=DIRECTION('',(0.,0.,1.));
#487=VECTOR('',#486,7.5);
#488=LINE('',#485,#487);
#489=EDGE_CURVE('',#476,#484,#488,.T.);
#490=ORIENTED_EDGE('',*,*,#489,.T.);
#491=CARTESIAN_POINT('',(94.010050506,90.,30.));
#492=VERTEX_POINT('',#491);
#493=CARTESIAN_POINT('',(102.,90.,30.));
#494=DIRECTION('',(-1.,0.,0.));
#495=VECTOR('',#494,7.989949494);
#496=LINE('',#493,#495);
#497=EDGE_CURVE('',#484,#492,#496,.T.);
#498=ORIENTED_EDGE('',*,*,#497,.T.);
#499=CARTESIAN_POINT('',(94.010050506,90.,22.5));
#500=DIRECTION('',(0.,0.,1.));
#501=VECTOR('',#500,7.5);
#502=LINE('',#499,#501);
#503=EDGE_CURVE('',#441,#492,#502,.T.);
#504=ORIENTED_EDGE('',*,*,#503,.F.);
#505=EDGE_LOOP('',(#447,#456,#465,#474,#482,#490,#498,#504));
#506=FACE_BOUND('',#505,.T.);
#507=ADVANCED_FACE('',(#506),#437,.F.);
#508=CARTESIAN_POINT('',(107.,47.5,26.));
#509=DIRECTION('',(1.,0.,0.));
#510=DIRECTION('',(0.,0.,-1.));
#511=AXIS2_PLACEMENT_3D('',#508,#509,#510);
#512=PLANE('',#511);
#513=CARTESIAN_POINT('',(107.,80.757359313,30.));
#514=VERTEX_POINT('',#513);
#515=CARTESIAN_POINT('',(107.,85.,27.));
#516=VERTEX_POINT('',#515);
#517=CARTESIAN_POINT('',(107.,80.757359313,30.));
#518=DIRECTION('',(0.,0.816496581,-0.577350269));
#519=VECTOR('',#518,5.196152423);
#520=LINE('',#517,#519);
#521=EDGE_CURVE('',#514,#516,#520,.T.);
#522=ORIENTED_EDGE('',*,*,#521,.F.);
#523=CARTESIAN_POINT('',(107.,85.,30.));
#524=VERTEX_POINT('',#523);
#525=CARTESIAN_POINT('',(107.,80.757359313,30.));
#526=DIRECTION('',(0.,1.,0.));
#527=VECTOR('',#526,4.242640687);
#528=LINE('',#525,#527);
#529=EDGE_CURVE('',#514,#524,#528,.T.);
#530=ORIENTED_EDGE('',*,*,#529,.T.);
#531=CARTESIAN_POINT('',(107.,85.,30.));
#532=DIRECTION('',(-0.,-0.,-1.));
#533=VECTOR('',#532,3.);
#534=LINE('',#531,#533);
#535=EDGE_CURVE('',#524,#516,#534,.T.);
#536=ORIENTED_EDGE('',*,*,#535,.T.);
#537=EDGE_LOOP('',(#522,#530,#536));
#538=FACE_BOUND('',#537,.T.);
#539=ADVANCED_FACE('',(#538),#512,.F.);
#540=CARTESIAN_POINT('',(109.,47.5,26.));
#541=DIRECTION('',(-1.,0.,0.));
#542=DIRECTION('',(0.,0.,1.));
#543=AXIS2_PLACEMENT_3D('',#540,#541,#542);
#544=PLANE('',#543);
#545=CARTESIAN_POINT('',(109.,87.,30.));
#546=VERTEX_POINT('',#545);
#547=CARTESIAN_POINT('',(109.,82.757359313,30.));
#548=VERTEX_POINT('',#547);
#549=CARTESIAN_POINT('',(109.,87.,30.));
#550=DIRECTION('',(0.,-1.,0.));
#551=VECTOR('',#550,4.242640687);
#552=LINE('',#549,#551);
#553=EDGE_CURVE('',#546,#548,#552,.T.);
#554=ORIENTED_EDGE('',*,*,#553,.T.);
#555=CARTESIAN_POINT('',(109.,87.,27.));
#556=VERTEX_POINT('',#555);
#557=CARTESIAN_POINT('',(109.,82.757359313,30.));
#558=DIRECTION('',(0.,0.816496581,-0.577350269));
#559=VECTOR('',#558,5.196152423);
#560=LINE('',#557,#559);
#561=EDGE_CURVE('',#548,#556,#560,.T.);
#562=ORIENTED_EDGE('',*,*,#561,.T.);
#563=CARTESIAN_POINT('',(109.,87.,27.));
#564=DIRECTION('',(0.,0.,1.));
#565=VECTOR('',#564,3.);
#566=LINE('',#563,#565);
#567=EDGE_CURVE('',#556,#546,#566,.T.);
#568=ORIENTED_EDGE('',*,*,#567,.T.);
#569=EDGE_LOOP('',(#554,#562,#568));
#570=FACE_BOUND('',#569,.T.);
#571=ADVANCED_FACE('',(#570),#544,.F.);
#572=CARTESIAN_POINT('',(0.,0.,30.));
#573=DIRECTION('',(0.,0.,1.));
#574=DIRECTION('',(0.,1.,0.));
#575=AXIS2_PLACEMENT_3D('',#572,#573,#574);
#576=PLANE('',#575);
#577=CARTESIAN_POINT('',(71.535486245,70.35,30.));
#578=VERTEX_POINT('',#577);
#579=CARTESIAN_POINT('',(71.535486245,43.35,30.));
#580=VERTEX_POINT('',#579);
#581=CARTESIAN_POINT('',(71.535486245,70.35,30.));
#582=DIRECTION('',(0.,-1.,0.));
#583=VECTOR('',#582,27.);
#584=LINE('',#581,#583);
#585=EDGE_CURVE('',#578,#580,#584,.T.);
#586=ORIENTED_EDGE('',*,*,#585,.F.);
#587=CARTESIAN_POINT('',(27.,70.35,30.));
#588=VERTEX_POINT('',#587);
#589=CARTESIAN_POINT('',(27.,70.35,30.));
#590=DIRECTION('',(1.,0.,0.));
#591=VECTOR('',#590,44.535486245);
#592=LINE('',#589,#591);
#593=EDGE_CURVE('',#588,#578,#592,.T.);
#594=ORIENTED_EDGE('',*,*,#593,.F.);
#595=CARTESIAN_POINT('',(27.,43.35,30.));
#596=VERTEX_POINT('',#595);
#597=CARTESIAN_POINT('',(27.,43.35,30.));
#598=DIRECTION('',(-0.,1.,0.));
#599=VECTOR('',#598,27.);
#600=LINE('',#597,#599);
#601=EDGE_CURVE('',#596,#588,#600,.T.);
#602=ORIENTED_EDGE('',*,*,#601,.F.);
#603=CARTESIAN_POINT('',(71.535486245,43.35,30.));
#604=DIRECTION('',(-1.,-0.,0.));
#605=VECTOR('',#604,44.535486245);
#606=LINE('',#603,#605);
#607=EDGE_CURVE('',#580,#596,#606,.T.);
#608=ORIENTED_EDGE('',*,*,#607,.F.);
#609=EDGE_LOOP('',(#586,#594,#602,#608));
#610=FACE_BOUND('',#609,.T.);
#611=ORIENTED_EDGE('',*,*,#389,.F.);
#612=CARTESIAN_POINT('',(92.151471863,3.,30.));
#613=VERTEX_POINT('',#612);
#614=CARTESIAN_POINT('',(92.151471863,3.,30.));
#615=DIRECTION('',(0.,1.,0.));
#616=VECTOR('',#615,2.);
#617=LINE('',#614,#616);
#618=EDGE_CURVE('',#613,#376,#617,.T.);
#619=ORIENTED_EDGE('',*,*,#618,.F.);
#620=CARTESIAN_POINT('',(104.,3.,30.));
#621=VERTEX_POINT('',#620);
#622=CARTESIAN_POINT('',(104.,3.,30.));
#623=DIRECTION('',(-1.,0.,0.));
#624=VECTOR('',#623,11.848528137);
#625=LINE('',#622,#624);
#626=EDGE_CURVE('',#621,#613,#625,.T.);
#627=ORIENTED_EDGE('',*,*,#626,.F.);
#628=CARTESIAN_POINT('',(109.,8.,30.));
#629=VERTEX_POINT('',#628);
#630=CARTESIAN_POINT('',(104.,8.,30.));
#631=DIRECTION('',(0.,0.,1.));
#632=DIRECTION('',(1.,0.,-0.));
#633=AXIS2_PLACEMENT_3D('',#630,#631,#632);
#634=CIRCLE('',#633,5.);
#635=EDGE_CURVE('',#621,#629,#634,.T.);
#636=ORIENTED_EDGE('',*,*,#635,.T.);
#637=CARTESIAN_POINT('',(108.978401553,8.464239134,30.));
#638=VERTEX_POINT('',#637);
#639=CARTESIAN_POINT('',(104.,8.,30.));
#640=DIRECTION('',(0.,0.,1.));
#641=DIRECTION('',(1.,0.,-0.));
#642=AXIS2_PLACEMENT_3D('',#639,#640,#641);
#643=CIRCLE('',#642,5.);
#644=EDGE_CURVE('',#629,#638,#643,.T.);
#645=ORIENTED_EDGE('',*,*,#644,.T.);
#646=CARTESIAN_POINT('',(108.978401553,8.464239134,30.));
#647=DIRECTION('',(-0.707106781,0.707106781,-0.));
#648=VECTOR('',#647,2.797882309);
#649=LINE('',#646,#648);
#650=EDGE_CURVE('',#638,#309,#649,.T.);
#651=ORIENTED_EDGE('',*,*,#650,.T.);
#652=ORIENTED_EDGE('',*,*,#314,.F.);
#653=CARTESIAN_POINT('',(104.6,7.4,30.));
#654=DIRECTION('',(-0.,-0.,-1.));
#655=DIRECTION('',(1.,0.,-0.));
#656=AXIS2_PLACEMENT_3D('',#653,#654,#655);
#657=CIRCLE('',#656,2.4);
#658=EDGE_CURVE('',#307,#384,#657,.T.);
#659=ORIENTED_EDGE('',*,*,#658,.T.);
#660=EDGE_LOOP('',(#611,#619,#627,#636,#645,#651,#652,#659));
#661=FACE_BOUND('',#660,.T.);
#662=CARTESIAN_POINT('',(17.989949494,5.,30.));
#663=DIRECTION('',(0.,-1.,0.));
#664=VECTOR('',#663,2.);
#665=LINE('',#662,#664);
#666=EDGE_CURVE('',#225,#265,#665,.T.);
#667=ORIENTED_EDGE('',*,*,#666,.F.);
#668=ORIENTED_EDGE('',*,*,#230,.F.);
#669=CARTESIAN_POINT('',(5.,10.,30.));
#670=VERTEX_POINT('',#669);
#671=CARTESIAN_POINT('',(10.,10.,30.));
#672=DIRECTION('',(-0.,-0.,-1.));
#673=DIRECTION('',(1.,0.,-0.));
#674=AXIS2_PLACEMENT_3D('',#671,#672,#673);
#675=CIRCLE('',#674,5.);
#676=EDGE_CURVE('',#217,#670,#675,.T.);
#677=ORIENTED_EDGE('',*,*,#676,.T.);
#678=CARTESIAN_POINT('',(5.,26.,30.));
#679=VERTEX_POINT('',#678);
#680=CARTESIAN_POINT('',(5.,26.,30.));
#681=DIRECTION('',(0.,-1.,0.));
#682=VECTOR('',#681,16.);
#683=LINE('',#680,#682);
#684=EDGE_CURVE('',#679,#670,#683,.T.);
#685=ORIENTED_EDGE('',*,*,#684,.F.);
#686=CARTESIAN_POINT('',(3.,26.,30.));
#687=VERTEX_POINT('',#686);
#688=CARTESIAN_POINT('',(3.,26.,30.));
#689=DIRECTION('',(1.,0.,-0.));
#690=VECTOR('',#689,2.);
#691=LINE('',#688,#690);
#692=EDGE_CURVE('',#687,#679,#691,.T.);
#693=ORIENTED_EDGE('',*,*,#692,.F.);
#694=CARTESIAN_POINT('',(3.,8.,30.));
#695=VERTEX_POINT('',#694);
#696=CARTESIAN_POINT('',(3.,8.,30.));
#697=DIRECTION('',(0.,1.,0.));
#698=VECTOR('',#697,18.);
#699=LINE('',#696,#698);
#700=EDGE_CURVE('',#695,#687,#699,.T.);
#701=ORIENTED_EDGE('',*,*,#700,.F.);
#702=CARTESIAN_POINT('',(8.,8.,30.));
#703=DIRECTION('',(0.,0.,1.));
#704=DIRECTION('',(1.,0.,-0.));
#705=AXIS2_PLACEMENT_3D('',#702,#703,#704);
#706=CIRCLE('',#705,5.);
#707=EDGE_CURVE('',#695,#247,#706,.T.);
#708=ORIENTED_EDGE('',*,*,#707,.T.);
#709=ORIENTED_EDGE('',*,*,#276,.F.);
#710=EDGE_LOOP('',(#667,#668,#677,#685,#693,#701,#708,#709));
#711=FACE_BOUND('',#710,.T.);
#712=ORIENTED_EDGE('',*,*,#110,.F.);
#713=CARTESIAN_POINT('',(17.7,92.,30.));
#714=VERTEX_POINT('',#713);
#715=CARTESIAN_POINT('',(17.7,90.,30.));
#716=DIRECTION('',(0.,1.,0.));
#717=VECTOR('',#716,2.);
#718=LINE('',#715,#717);
#719=EDGE_CURVE('',#99,#714,#718,.T.);
#720=ORIENTED_EDGE('',*,*,#719,.T.);
#721=CARTESIAN_POINT('',(8.,92.,30.));
#722=VERTEX_POINT('',#721);
#723=CARTESIAN_POINT('',(8.,92.,30.));
#724=DIRECTION('',(1.,0.,-0.));
#725=VECTOR('',#724,9.7);
#726=LINE('',#723,#725);
#727=EDGE_CURVE('',#722,#714,#726,.T.);
#728=ORIENTED_EDGE('',*,*,#727,.F.);
#729=CARTESIAN_POINT('',(3.,87.,30.));
#730=VERTEX_POINT('',#729);
#731=CARTESIAN_POINT('',(8.,87.,30.));
#732=DIRECTION('',(0.,0.,1.));
#733=DIRECTION('',(1.,0.,-0.));
#734=AXIS2_PLACEMENT_3D('',#731,#732,#733);
#735=CIRCLE('',#734,5.);
#736=EDGE_CURVE('',#722,#730,#735,.T.);
#737=ORIENTED_EDGE('',*,*,#736,.T.);
#738=CARTESIAN_POINT('',(5.,87.,30.));
#739=VERTEX_POINT('',#738);
#740=CARTESIAN_POINT('',(5.,87.,30.));
#741=DIRECTION('',(-1.,0.,0.));
#742=VECTOR('',#741,2.);
#743=LINE('',#740,#742);
#744=EDGE_CURVE('',#739,#730,#743,.T.);
#745=ORIENTED_EDGE('',*,*,#744,.F.);
#746=CARTESIAN_POINT('',(9.582575695,85.,30.));
#747=DIRECTION('',(-0.,-0.,-1.));
#748=DIRECTION('',(1.,0.,-0.));
#749=AXIS2_PLACEMENT_3D('',#746,#747,#748);
#750=CIRCLE('',#749,5.);
#751=EDGE_CURVE('',#739,#81,#750,.T.);
#752=ORIENTED_EDGE('',*,*,#751,.T.);
#753=EDGE_LOOP('',(#712,#720,#728,#737,#745,#752));
#754=FACE_BOUND('',#753,.T.);
#755=ORIENTED_EDGE('',*,*,#150,.F.);
#756=CARTESIAN_POINT('',(94.010050506,92.,30.));
#757=DIRECTION('',(0.,-1.,0.));
#758=VECTOR('',#757,2.);
#759=LINE('',#756,#758);
#760=EDGE_CURVE('',#139,#492,#759,.T.);
#761=ORIENTED_EDGE('',*,*,#760,.T.);
#762=ORIENTED_EDGE('',*,*,#497,.F.);
#763=CARTESIAN_POINT('',(102.,85.,30.));
#764=DIRECTION('',(-0.,-0.,-1.));
#765=DIRECTION('',(1.,0.,-0.));
#766=AXIS2_PLACEMENT_3D('',#763,#764,#765);
#767=CIRCLE('',#766,5.);
#768=EDGE_CURVE('',#484,#524,#767,.T.);
#769=ORIENTED_EDGE('',*,*,#768,.T.);
#770=ORIENTED_EDGE('',*,*,#529,.F.);
#771=CARTESIAN_POINT('',(109.,82.757359313,30.));
#772=DIRECTION('',(-0.707106781,-0.707106781,0.));
#773=VECTOR('',#772,2.828427125);
#774=LINE('',#771,#773);
#775=EDGE_CURVE('',#548,#514,#774,.T.);
#776=ORIENTED_EDGE('',*,*,#775,.F.);
#777=ORIENTED_EDGE('',*,*,#553,.F.);
#778=CARTESIAN_POINT('',(104.,87.,30.));
#779=DIRECTION('',(0.,0.,1.));
#780=DIRECTION('',(1.,0.,-0.));
#781=AXIS2_PLACEMENT_3D('',#778,#779,#780);
#782=CIRCLE('',#781,5.);
#783=EDGE_CURVE('',#546,#121,#782,.T.);
#784=ORIENTED_EDGE('',*,*,#783,.T.);
#785=EDGE_LOOP('',(#755,#761,#762,#769,#770,#776,#777,#784));
#786=FACE_BOUND('',#785,.T.);
#787=CARTESIAN_POINT('',(88.535486245,66.3861378,30.));
#788=VERTEX_POINT('',#787);
#789=CARTESIAN_POINT('',(87.535486245,65.953061459,30.));
#790=VERTEX_POINT('',#789);
#791=CARTESIAN_POINT('',(88.535486245,66.3861378,30.));
#792=CARTESIAN_POINT('',(88.198805218,66.259995149,30.));
#793=CARTESIAN_POINT('',(87.865273922,66.115590121,30.));
#794=CARTESIAN_POINT('',(87.535486245,65.953061459,30.));
#795=B_SPLINE_CURVE_WITH_KNOTS('',3,(#791,#792,#793,#794),.UNSPECIFIED.,.F.,.F.,(4,4),(0.333027118,0.857792236),.UNSPECIFIED.);
#796=EDGE_CURVE('',#788,#790,#795,.T.);
#797=ORIENTED_EDGE('',*,*,#796,.T.);
#798=CARTESIAN_POINT('',(87.535528214,29.109114504,30.));
#799=VERTEX_POINT('',#798);
#800=CARTESIAN_POINT('',(87.535486245,65.953061459,30.));
#801=DIRECTION('',(0.,-1.,0.));
#802=VECTOR('',#801,36.844032962);
#803=LINE('',#800,#802);
#804=EDGE_CURVE('',#790,#799,#803,.T.);
#805=ORIENTED_EDGE('',*,*,#804,.T.);
#806=CARTESIAN_POINT('',(88.535486245,28.675952156,30.));
#807=VERTEX_POINT('',#806);
#808=CARTESIAN_POINT('',(87.535486245,29.109028497,30.));
#809=CARTESIAN_POINT('',(88.029813318,28.865410184,30.));
#810=CARTESIAN_POINT('',(88.535486245,28.675952156,30.));
#811=B_SPLINE_CURVE_WITH_KNOTS('',2,(#808,#809,#810),.UNSPECIFIED.,.F.,.F.,(3,3),(0.,1.),.UNSPECIFIED.);
#812=EDGE_CURVE('',#799,#807,#811,.T.);
#813=ORIENTED_EDGE('',*,*,#812,.T.);
#814=CARTESIAN_POINT('',(88.535486245,28.675952156,30.));
#815=DIRECTION('',(-0.,1.,0.));
#816=VECTOR('',#815,37.710185643);
#817=LINE('',#814,#816);
#818=EDGE_CURVE('',#807,#788,#817,.T.);
#819=ORIENTED_EDGE('',*,*,#818,.T.);
#820=EDGE_LOOP('',(#797,#805,#813,#819));
#821=FACE_BOUND('',#820,.T.);
#822=CARTESIAN_POINT('',(5.,95.,30.));
#823=VERTEX_POINT('',#822);
#824=CARTESIAN_POINT('',(107.,95.,30.));
#825=VERTEX_POINT('',#824);
#826=CARTESIAN_POINT('',(5.,95.,30.));
#827=DIRECTION('',(1.,0.,-0.));
#828=VECTOR('',#827,102.);
#829=LINE('',#826,#828);
#830=EDGE_CURVE('',#823,#825,#829,.T.);
#831=ORIENTED_EDGE('',*,*,#830,.T.);
#832=CARTESIAN_POINT('',(112.,90.,30.));
#833=VERTEX_POINT('',#832);
#834=CARTESIAN_POINT('',(107.,90.,30.));
#835=DIRECTION('',(-0.,-0.,-1.));
#836=DIRECTION('',(1.,0.,-0.));
#837=AXIS2_PLACEMENT_3D('',#834,#835,#836);
#838=CIRCLE('',#837,5.);
#839=EDGE_CURVE('',#825,#833,#838,.T.);
#840=ORIENTED_EDGE('',*,*,#839,.T.);
#841=CARTESIAN_POINT('',(112.,5.,30.));
#842=VERTEX_POINT('',#841);
#843=CARTESIAN_POINT('',(112.,90.,30.));
#844=DIRECTION('',(0.,-1.,0.));
#845=VECTOR('',#844,85.);
#846=LINE('',#843,#845);
#847=EDGE_CURVE('',#833,#842,#846,.T.);
#848=ORIENTED_EDGE('',*,*,#847,.T.);
#849=CARTESIAN_POINT('',(107.,0.,30.));
#850=VERTEX_POINT('',#849);
#851=CARTESIAN_POINT('',(107.,5.,30.));
#852=DIRECTION('',(-0.,-0.,-1.));
#853=DIRECTION('',(1.,0.,-0.));
#854=AXIS2_PLACEMENT_3D('',#851,#852,#853);
#855=CIRCLE('',#854,5.);
#856=EDGE_CURVE('',#842,#850,#855,.T.);
#857=ORIENTED_EDGE('',*,*,#856,.T.);
#858=CARTESIAN_POINT('',(5.,0.,30.));
#859=VERTEX_POINT('',#858);
#860=CARTESIAN_POINT('',(107.,0.,30.));
#861=DIRECTION('',(-1.,0.,0.));
#862=VECTOR('',#861,102.);
#863=LINE('',#860,#862);
#864=EDGE_CURVE('',#850,#859,#863,.T.);
#865=ORIENTED_EDGE('',*,*,#864,.T.);
#866=CARTESIAN_POINT('',(0.,5.,30.));
#867=VERTEX_POINT('',#866);
#868=CARTESIAN_POINT('',(5.,5.,30.));
#869=DIRECTION('',(-0.,-0.,-1.));
#870=DIRECTION('',(1.,0.,-0.));
#871=AXIS2_PLACEMENT_3D('',#868,#869,#870);
#872=CIRCLE('',#871,5.);
#873=EDGE_CURVE('',#859,#867,#872,.T.);
#874=ORIENTED_EDGE('',*,*,#873,.T.);
#875=CARTESIAN_POINT('',(0.,90.,30.));
#876=VERTEX_POINT('',#875);
#877=CARTESIAN_POINT('',(0.,5.,30.));
#878=DIRECTION('',(0.,1.,0.));
#879=VECTOR('',#878,85.);
#880=LINE('',#877,#879);
#881=EDGE_CURVE('',#867,#876,#880,.T.);
#882=ORIENTED_EDGE('',*,*,#881,.T.);
#883=CARTESIAN_POINT('',(5.,90.,30.));
#884=DIRECTION('',(-0.,-0.,-1.));
#885=DIRECTION('',(1.,0.,-0.));
#886=AXIS2_PLACEMENT_3D('',#883,#884,#885);
#887=CIRCLE('',#886,5.);
#888=EDGE_CURVE('',#876,#823,#887,.T.);
#889=ORIENTED_EDGE('',*,*,#888,.T.);
#890=EDGE_LOOP('',(#831,#840,#848,#857,#865,#874,#882,#889));
#891=FACE_BOUND('',#890,.T.);
#892=CARTESIAN_POINT('',(18.290312245,9.95608671,30.));
#893=VERTEX_POINT('',#892);
#894=CARTESIAN_POINT('',(24.290312245,15.95608671,30.));
#895=VERTEX_POINT('',#894);
#896=CARTESIAN_POINT('',(18.290312245,15.95608671,30.));
#897=DIRECTION('',(0.,0.,1.));
#898=DIRECTION('',(0.,-1.,0.));
#899=AXIS2_PLACEMENT_3D('',#896,#897,#898);
#900=CIRCLE('',#899,6.);
#901=EDGE_CURVE('',#893,#895,#900,.T.);
#902=ORIENTED_EDGE('',*,*,#901,.T.);
#903=CARTESIAN_POINT('',(18.290312245,15.95608671,30.));
#904=DIRECTION('',(0.,0.,1.));
#905=DIRECTION('',(0.,-1.,0.));
#906=AXIS2_PLACEMENT_3D('',#903,#904,#905);
#907=CIRCLE('',#906,6.);
#908=EDGE_CURVE('',#895,#893,#907,.T.);
#909=ORIENTED_EDGE('',*,*,#908,.T.);
#910=EDGE_LOOP('',(#902,#909));
#911=FACE_BOUND('',#910,.T.);
#912=CARTESIAN_POINT('',(71.05,82.,30.));
#913=VERTEX_POINT('',#912);
#914=CARTESIAN_POINT('',(68.3,82.,30.));
#915=DIRECTION('',(-0.,-0.,-1.));
#916=DIRECTION('',(1.,0.,-0.));
#917=AXIS2_PLACEMENT_3D('',#914,#915,#916);
#918=CIRCLE('',#917,2.75);
#919=EDGE_CURVE('',#913,#913,#918,.T.);
#920=ORIENTED_EDGE('',*,*,#919,.F.);
#921=EDGE_LOOP('',(#920));
#922=FACE_BOUND('',#921,.T.);
#923=CARTESIAN_POINT('',(71.05,30.8,30.));
#924=VERTEX_POINT('',#923);
#925=CARTESIAN_POINT('',(68.3,30.8,30.));
#926=DIRECTION('',(-0.,-0.,-1.));
#927=DIRECTION('',(1.,0.,-0.));
#928=AXIS2_PLACEMENT_3D('',#925,#926,#927);
#929=CIRCLE('',#928,2.75);
#930=EDGE_CURVE('',#924,#924,#929,.T.);
#931=ORIENTED_EDGE('',*,*,#930,.F.);
#932=EDGE_LOOP('',(#931));
#933=FACE_BOUND('',#932,.T.);
#934=CARTESIAN_POINT('',(83.783378839,64.267008662,30.));
#935=VERTEX_POINT('',#934);
#936=CARTESIAN_POINT('',(81.033378839,64.267008662,30.));
#937=DIRECTION('',(-0.,-0.,-1.));
#938=DIRECTION('',(1.,0.,-0.));
#939=AXIS2_PLACEMENT_3D('',#936,#937,#938);
#940=CIRCLE('',#939,2.75);
#941=EDGE_CURVE('',#935,#935,#940,.T.);
#942=ORIENTED_EDGE('',*,*,#941,.F.);
#943=EDGE_LOOP('',(#942));
#944=FACE_BOUND('',#943,.T.);
#945=CARTESIAN_POINT('',(83.783378839,30.767008662,30.));
#946=VERTEX_POINT('',#945);
#947=CARTESIAN_POINT('',(81.033378839,30.767008662,30.));
#948=DIRECTION('',(-0.,-0.,-1.));
#949=DIRECTION('',(1.,0.,-0.));
#950=AXIS2_PLACEMENT_3D('',#947,#948,#949);
#951=CIRCLE('',#950,2.75);
#952=EDGE_CURVE('',#946,#946,#951,.T.);
#953=ORIENTED_EDGE('',*,*,#952,.F.);
#954=EDGE_LOOP('',(#953));
#955=FACE_BOUND('',#954,.T.);
#956=CARTESIAN_POINT('',(71.090312245,9.95608671,30.));
#957=VERTEX_POINT('',#956);
#958=CARTESIAN_POINT('',(77.090312245,15.95608671,30.));
#959=VERTEX_POINT('',#958);
#960=CARTESIAN_POINT('',(71.090312245,15.95608671,30.));
#961=DIRECTION('',(0.,0.,1.));
#962=DIRECTION('',(0.,-1.,0.));
#963=AXIS2_PLACEMENT_3D('',#960,#961,#962);
#964=CIRCLE('',#963,6.);
#965=EDGE_CURVE('',#957,#959,#964,.T.);
#966=ORIENTED_EDGE('',*,*,#965,.T.);
#967=CARTESIAN_POINT('',(71.090312245,15.95608671,30.));
#968=DIRECTION('',(0.,0.,1.));
#969=DIRECTION('',(0.,-1.,0.));
#970=AXIS2_PLACEMENT_3D('',#967,#968,#969);
#971=CIRCLE('',#970,6.);
#972=EDGE_CURVE('',#959,#957,#971,.T.);
#973=ORIENTED_EDGE('',*,*,#972,.T.);
#974=EDGE_LOOP('',(#966,#973));
#975=FACE_BOUND('',#974,.T.);
#976=CARTESIAN_POINT('',(53.490312245,9.95608671,30.));
#977=VERTEX_POINT('',#976);
#978=CARTESIAN_POINT('',(59.490312245,15.95608671,30.));
#979=VERTEX_POINT('',#978);
#980=CARTESIAN_POINT('',(53.490312245,15.95608671,30.));
#981=DIRECTION('',(0.,0.,1.));
#982=DIRECTION('',(0.,-1.,0.));
#983=AXIS2_PLACEMENT_3D('',#980,#981,#982);
#984=CIRCLE('',#983,6.);
#985=EDGE_CURVE('',#977,#979,#984,.T.);
#986=ORIENTED_EDGE('',*,*,#985,.T.);
#987=CARTESIAN_POINT('',(53.490312245,15.95608671,30.));
#988=DIRECTION('',(0.,0.,1.));
#989=DIRECTION('',(0.,-1.,0.));
#990=AXIS2_PLACEMENT_3D('',#987,#988,#989);
#991=CIRCLE('',#990,6.);
#992=EDGE_CURVE('',#979,#977,#991,.T.);
#993=ORIENTED_EDGE('',*,*,#992,.T.);
#994=EDGE_LOOP('',(#986,#993));
#995=FACE_BOUND('',#994,.T.);
#996=CARTESIAN_POINT('',(35.890312245,9.95608671,30.));
#997=VERTEX_POINT('',#996);
#998=CARTESIAN_POINT('',(41.890312245,15.95608671,30.));
#999=VERTEX_POINT('',#998);
#1000=CARTESIAN_POINT('',(35.890312245,15.95608671,30.));
#1001=DIRECTION('',(0.,0.,1.));
#1002=DIRECTION('',(0.,-1.,0.));
#1003=AXIS2_PLACEMENT_3D('',#1000,#1001,#1002);
#1004=CIRCLE('',#1003,6.);
#1005=EDGE_CURVE('',#997,#999,#1004,.T.);
#1006=ORIENTED_EDGE('',*,*,#1005,.T.);
#1007=CARTESIAN_POINT('',(35.890312245,15.95608671,30.));
#1008=DIRECTION('',(0.,0.,1.));
#1009=DIRECTION('',(0.,-1.,0.));
#1010=AXIS2_PLACEMENT_3D('',#1007,#1008,#1009);
#1011=CIRCLE('',#1010,6.);
#1012=EDGE_CURVE('',#999,#997,#1011,.T.);
#1013=ORIENTED_EDGE('',*,*,#1012,.T.);
#1014=EDGE_LOOP('',(#1006,#1013));
#1015=FACE_BOUND('',#1014,.T.);
#1016=CARTESIAN_POINT('',(86.535486245,29.664822963,30.));
#1017=VERTEX_POINT('',#1016);
#1018=CARTESIAN_POINT('',(86.535525771,65.397203879,30.));
#1019=VERTEX_POINT('',#1018);
#1020=CARTESIAN_POINT('',(86.535486245,29.664822963,30.));
#1021=DIRECTION('',(-0.,1.,0.));
#1022=VECTOR('',#1021,35.732444031);
#1023=LINE('',#1020,#1022);
#1024=EDGE_CURVE('',#1017,#1019,#1023,.T.);
#1025=ORIENTED_EDGE('',*,*,#1024,.T.);
#1026=CARTESIAN_POINT('',(85.535486245,64.706812702,30.000041916));
#1027=VERTEX_POINT('',#1026);
#1028=CARTESIAN_POINT('',(86.535486245,65.397266994,30.));
#1029=CARTESIAN_POINT('',(86.025775876,65.080885793,30.));
#1030=CARTESIAN_POINT('',(85.535486245,64.706997287,30.));
#1031=B_SPLINE_CURVE_WITH_KNOTS('',2,(#1028,#1029,#1030),.UNSPECIFIED.,.F.,.F.,(3,3),(0.,1.),.UNSPECIFIED.);
#1032=EDGE_CURVE('',#1019,#1027,#1031,.T.);
#1033=ORIENTED_EDGE('',*,*,#1032,.T.);
#1034=CARTESIAN_POINT('',(85.535486245,30.355092669,30.));
#1035=VERTEX_POINT('',#1034);
#1036=CARTESIAN_POINT('',(85.535486245,64.706997287,30.));
#1037=DIRECTION('',(0.,-1.,0.));
#1038=VECTOR('',#1037,34.351904618);
#1039=LINE('',#1036,#1038);
#1040=EDGE_CURVE('',#1027,#1035,#1039,.T.);
#1041=ORIENTED_EDGE('',*,*,#1040,.T.);
#1042=CARTESIAN_POINT('',(85.535486245,30.355092669,30.));
#1043=CARTESIAN_POINT('',(85.862626807,30.105619525,30.));
#1044=CARTESIAN_POINT('',(86.19622813,29.87540312,30.));
#1045=CARTESIAN_POINT('',(86.535486245,29.664822963,30.));
#1046=B_SPLINE_CURVE_WITH_KNOTS('',3,(#1042,#1043,#1044,#1045),.UNSPECIFIED.,.F.,.F.,(4,4),(0.101807925,0.626528147),.UNSPECIFIED.);
#1047=EDGE_CURVE('',#1035,#1017,#1046,.T.);
#1048=ORIENTED_EDGE('',*,*,#1047,.T.);
#1049=EDGE_LOOP('',(#1025,#1033,#1041,#1048));
#1050=FACE_BOUND('',#1049,.T.);
#1051=CARTESIAN_POINT('',(82.535486245,33.445792318,30.));
#1052=VERTEX_POINT('',#1051);
#1053=CARTESIAN_POINT('',(82.534928197,61.616702869,30.));
#1054=VERTEX_POINT('',#1053);
#1055=CARTESIAN_POINT('',(82.535486245,33.445792318,30.));
#1056=DIRECTION('',(-0.,1.,0.));
#1057=VECTOR('',#1056,28.17050532);
#1058=LINE('',#1055,#1057);
#1059=EDGE_CURVE('',#1052,#1054,#1058,.T.);
#1060=ORIENTED_EDGE('',*,*,#1059,.T.);
#1061=CARTESIAN_POINT('',(81.535486245,60.107970943,30.000315474));
#1062=VERTEX_POINT('',#1061);
#1063=CARTESIAN_POINT('',(82.535486245,61.616297638,30.));
#1064=CARTESIAN_POINT('',(82.007261137,60.899868723,30.));
#1065=CARTESIAN_POINT('',(81.535486245,60.108418581,30.));
#1066=B_SPLINE_CURVE_WITH_KNOTS('',2,(#1063,#1064,#1065),.UNSPECIFIED.,.F.,.F.,(3,3),(0.,1.),.UNSPECIFIED.);
#1067=EDGE_CURVE('',#1054,#1062,#1066,.T.);
#1068=ORIENTED_EDGE('',*,*,#1067,.T.);
#1069=CARTESIAN_POINT('',(81.535486245,34.953671375,30.));
#1070=VERTEX_POINT('',#1069);
#1071=CARTESIAN_POINT('',(81.535486245,60.108418581,30.));
#1072=DIRECTION('',(0.,-1.,0.));
#1073=VECTOR('',#1072,25.154747206);
#1074=LINE('',#1071,#1073);
#1075=EDGE_CURVE('',#1062,#1070,#1074,.T.);
#1076=ORIENTED_EDGE('',*,*,#1075,.T.);
#1077=CARTESIAN_POINT('',(81.535486245,34.953671375,30.));
#1078=CARTESIAN_POINT('',(81.850215537,34.425681126,30.));
#1079=CARTESIAN_POINT('',(82.184097011,33.922379674,30.));
#1080=CARTESIAN_POINT('',(82.535486245,33.445792318,30.));
#1081=B_SPLINE_CURVE_WITH_KNOTS('',3,(#1077,#1078,#1079,#1080),.UNSPECIFIED.,.F.,.F.,(4,4),(0.039045462,0.572842495),.UNSPECIFIED.);
#1082=EDGE_CURVE('',#1070,#1052,#1081,.T.);
#1083=ORIENTED_EDGE('',*,*,#1082,.T.);
#1084=EDGE_LOOP('',(#1060,#1068,#1076,#1083));
#1085=FACE_BOUND('',#1084,.T.);
#1086=CARTESIAN_POINT('',(84.535486245,31.196312057,29.999887221));
#1087=VERTEX_POINT('',#1086);
#1088=CARTESIAN_POINT('',(84.535486245,63.865424342,30.));
#1089=VERTEX_POINT('',#1088);
#1090=CARTESIAN_POINT('',(84.535486245,31.196665614,30.));
#1091=DIRECTION('',(-0.,1.,0.));
#1092=VECTOR('',#1091,32.668758727);
#1093=LINE('',#1090,#1092);
#1094=EDGE_CURVE('',#1087,#1089,#1093,.T.);
#1095=ORIENTED_EDGE('',*,*,#1094,.T.);
#1096=CARTESIAN_POINT('',(83.535486245,62.847815512,30.));
#1097=VERTEX_POINT('',#1096);
#1098=CARTESIAN_POINT('',(84.535486245,63.865424342,30.));
#1099=CARTESIAN_POINT('',(84.192139179,63.547962301,30.));
#1100=CARTESIAN_POINT('',(83.858437706,63.208470153,30.));
#1101=CARTESIAN_POINT('',(83.535486245,62.847815512,30.));
#1102=B_SPLINE_CURVE_WITH_KNOTS('',3,(#1098,#1099,#1100,#1101),.UNSPECIFIED.,.F.,.F.,(4,4),(0.405806996,0.932494377),.UNSPECIFIED.);
#1103=EDGE_CURVE('',#1089,#1097,#1102,.T.);
#1104=ORIENTED_EDGE('',*,*,#1103,.T.);
#1105=CARTESIAN_POINT('',(83.535718478,32.214485062,30.));
#1106=VERTEX_POINT('',#1105);
#1107=CARTESIAN_POINT('',(83.535486245,62.847815512,30.));
#1108=DIRECTION('',(0.,-1.,0.));
#1109=VECTOR('',#1108,30.633541069);
#1110=LINE('',#1107,#1109);
#1111=EDGE_CURVE('',#1097,#1106,#1110,.T.);
#1112=ORIENTED_EDGE('',*,*,#1111,.T.);
#1113=CARTESIAN_POINT('',(83.535486245,32.214274444,30.));
#1114=CARTESIAN_POINT('',(84.019513874,31.673738694,30.));
#1115=CARTESIAN_POINT('',(84.535486245,31.196665614,30.));
#1116=B_SPLINE_CURVE_WITH_KNOTS('',2,(#1113,#1114,#1115),.UNSPECIFIED.,.F.,.F.,(3,3),(0.,1.),.UNSPECIFIED.);
#1117=EDGE_CURVE('',#1106,#1087,#1116,.T.);
#1118=ORIENTED_EDGE('',*,*,#1117,.T.);
#1119=EDGE_LOOP('',(#1095,#1104,#1112,#1118));
#1120=FACE_BOUND('',#1119,.T.);
#1121=CARTESIAN_POINT('',(80.535486245,36.854113614,29.999992071));
#1122=VERTEX_POINT('',#1121);
#1123=CARTESIAN_POINT('',(80.535486245,58.207968296,30.));
#1124=VERTEX_POINT('',#1123);
#1125=CARTESIAN_POINT('',(80.535486245,36.85412166,30.));
#1126=DIRECTION('',(0.,1.,0.));
#1127=VECTOR('',#1126,21.353846636);
#1128=LINE('',#1125,#1127);
#1129=EDGE_CURVE('',#1122,#1124,#1128,.T.);
#1130=ORIENTED_EDGE('',*,*,#1129,.T.);
#1131=CARTESIAN_POINT('',(79.535486245,55.64392441,30.));
#1132=VERTEX_POINT('',#1131);
#1133=CARTESIAN_POINT('',(80.535486245,58.207968296,30.));
#1134=CARTESIAN_POINT('',(80.15790948,57.391300379,30.));
#1135=CARTESIAN_POINT('',(79.823432496,56.534229718,30.));
#1136=CARTESIAN_POINT('',(79.535486245,55.64392441,30.));
#1137=B_SPLINE_CURVE_WITH_KNOTS('',3,(#1133,#1134,#1135,#1136),.UNSPECIFIED.,.F.,.F.,(4,4),(0.424470697,0.98451973),.UNSPECIFIED.);
#1138=EDGE_CURVE('',#1124,#1132,#1137,.T.);
#1139=ORIENTED_EDGE('',*,*,#1138,.T.);
#1140=CARTESIAN_POINT('',(79.535583553,39.418197334,30.));
#1141=VERTEX_POINT('',#1140);
#1142=CARTESIAN_POINT('',(79.535486245,55.64392441,30.));
#1143=DIRECTION('',(0.,-1.,0.));
#1144=VECTOR('',#1143,16.225758864);
#1145=LINE('',#1142,#1144);
#1146=EDGE_CURVE('',#1132,#1141,#1145,.T.);
#1147=ORIENTED_EDGE('',*,*,#1146,.T.);
#1148=CARTESIAN_POINT('',(79.535486245,39.418165546,30.));
#1149=CARTESIAN_POINT('',(79.967269574,38.083128233,30.));
#1150=CARTESIAN_POINT('',(80.535486245,36.85412166,30.));
#1151=B_SPLINE_CURVE_WITH_KNOTS('',2,(#1148,#1149,#1150),.UNSPECIFIED.,.F.,.F.,(3,3),(0.,1.),.UNSPECIFIED.);
#1152=EDGE_CURVE('',#1141,#1122,#1151,.T.);
#1153=ORIENTED_EDGE('',*,*,#1152,.T.);
#1154=EDGE_LOOP('',(#1130,#1139,#1147,#1153));
#1155=FACE_BOUND('',#1154,.T.);
#1156=CARTESIAN_POINT('',(105.783378839,30.767008662,30.));
#1157=VERTEX_POINT('',#1156);
#1158=CARTESIAN_POINT('',(103.033378839,30.767008662,30.));
#1159=DIRECTION('',(-0.,-0.,-1.));
#1160=DIRECTION('',(1.,0.,-0.));
#1161=AXIS2_PLACEMENT_3D('',#1158,#1159,#1160);
#1162=CIRCLE('',#1161,2.75);
#1163=EDGE_CURVE('',#1157,#1157,#1162,.T.);
#1164=ORIENTED_EDGE('',*,*,#1163,.F.);
#1165=EDGE_LOOP('',(#1164));
#1166=FACE_BOUND('',#1165,.T.);
#1167=CARTESIAN_POINT('',(105.783378839,64.267008662,30.));
#1168=VERTEX_POINT('',#1167);
#1169=CARTESIAN_POINT('',(103.033378839,64.267008662,30.));
#1170=DIRECTION('',(-0.,-0.,-1.));
#1171=DIRECTION('',(1.,0.,-0.));
#1172=AXIS2_PLACEMENT_3D('',#1169,#1170,#1171);
#1173=CIRCLE('',#1172,2.75);
#1174=EDGE_CURVE('',#1168,#1168,#1173,.T.);
#1175=ORIENTED_EDGE('',*,*,#1174,.F.);
#1176=EDGE_LOOP('',(#1175));
#1177=FACE_BOUND('',#1176,.T.);
#1178=CARTESIAN_POINT('',(101.535486245,61.616900071,29.999664362));
#1179=VERTEX_POINT('',#1178);
#1180=CARTESIAN_POINT('',(101.535486245,33.445792318,30.));
#1181=VERTEX_POINT('',#1180);
#1182=CARTESIAN_POINT('',(101.535486245,61.616297638,30.));
#1183=DIRECTION('',(-0.,-1.,0.));
#1184=VECTOR('',#1183,28.17050532);
#1185=LINE('',#1182,#1184);
#1186=EDGE_CURVE('',#1179,#1181,#1185,.T.);
#1187=ORIENTED_EDGE('',*,*,#1186,.T.);
#1188=CARTESIAN_POINT('',(102.535486245,34.953671375,30.));
#1189=VERTEX_POINT('',#1188);
#1190=CARTESIAN_POINT('',(101.535486245,33.445792318,30.));
#1191=CARTESIAN_POINT('',(101.886875479,33.922379674,30.));
#1192=CARTESIAN_POINT('',(102.220756953,34.425681126,30.));
#1193=CARTESIAN_POINT('',(102.535486245,34.953671375,30.));
#1194=B_SPLINE_CURVE_WITH_KNOTS('',3,(#1190,#1191,#1192,#1193),.UNSPECIFIED.,.F.,.F.,(4,4),(0.427157505,0.960954538),.UNSPECIFIED.);
#1195=EDGE_CURVE('',#1181,#1189,#1194,.T.);
#1196=ORIENTED_EDGE('',*,*,#1195,.T.);
#1197=CARTESIAN_POINT('',(102.535018036,60.108134563,30.));
#1198=VERTEX_POINT('',#1197);
#1199=CARTESIAN_POINT('',(102.535486245,34.953671375,30.));
#1200=DIRECTION('',(0.,1.,0.));
#1201=VECTOR('',#1200,25.154747206);
#1202=LINE('',#1199,#1201);
#1203=EDGE_CURVE('',#1189,#1198,#1202,.T.);
#1204=ORIENTED_EDGE('',*,*,#1203,.T.);
#1205=CARTESIAN_POINT('',(102.535486245,60.108418581,30.));
#1206=CARTESIAN_POINT('',(102.063711353,60.899868723,30.));
#1207=CARTESIAN_POINT('',(101.535486245,61.616297638,30.));
#1208=B_SPLINE_CURVE_WITH_KNOTS('',2,(#1205,#1206,#1207),.UNSPECIFIED.,.F.,.F.,(3,3),(0.,1.),.UNSPECIFIED.);
#1209=EDGE_CURVE('',#1198,#1179,#1208,.T.);
#1210=ORIENTED_EDGE('',*,*,#1209,.T.);
#1211=EDGE_LOOP('',(#1187,#1196,#1204,#1210));
#1212=FACE_BOUND('',#1211,.T.);
#1213=CARTESIAN_POINT('',(99.535486245,63.865424342,30.));
#1214=VERTEX_POINT('',#1213);
#1215=CARTESIAN_POINT('',(99.535739625,31.196394455,30.));
#1216=VERTEX_POINT('',#1215);
#1217=CARTESIAN_POINT('',(99.535486245,63.865424342,30.));
#1218=DIRECTION('',(-0.,-1.,0.));
#1219=VECTOR('',#1218,32.668758727);
#1220=LINE('',#1217,#1219);
#1221=EDGE_CURVE('',#1214,#1216,#1220,.T.);
#1222=ORIENTED_EDGE('',*,*,#1221,.T.);
#1223=CARTESIAN_POINT('',(100.535486245,32.214564693,30.000118534));
#1224=VERTEX_POINT('',#1223);
#1225=CARTESIAN_POINT('',(99.535486245,31.196665614,30.));
#1226=CARTESIAN_POINT('',(100.051458616,31.673738694,30.));
#1227=CARTESIAN_POINT('',(100.535486245,32.214274444,30.));
#1228=B_SPLINE_CURVE_WITH_KNOTS('',2,(#1225,#1226,#1227),.UNSPECIFIED.,.F.,.F.,(3,3),(0.,1.),.UNSPECIFIED.);
#1229=EDGE_CURVE('',#1216,#1224,#1228,.T.);
#1230=ORIENTED_EDGE('',*,*,#1229,.T.);
#1231=CARTESIAN_POINT('',(100.535486245,62.847815512,30.));
#1232=VERTEX_POINT('',#1231);
#1233=CARTESIAN_POINT('',(100.535486245,32.214274444,30.));
#1234=DIRECTION('',(0.,1.,0.));
#1235=VECTOR('',#1234,30.633541069);
#1236=LINE('',#1233,#1235);
#1237=EDGE_CURVE('',#1224,#1232,#1236,.T.);
#1238=ORIENTED_EDGE('',*,*,#1237,.T.);
#1239=CARTESIAN_POINT('',(100.535486245,62.847815512,30.));
#1240=CARTESIAN_POINT('',(100.212534784,63.208470152,30.));
#1241=CARTESIAN_POINT('',(99.878833311,63.5479623,30.));
#1242=CARTESIAN_POINT('',(99.535486245,63.865424342,30.));
#1243=B_SPLINE_CURVE_WITH_KNOTS('',3,(#1239,#1240,#1241,#1242),.UNSPECIFIED.,.F.,.F.,(4,4),(0.067505623,0.594193004),.UNSPECIFIED.);
#1244=EDGE_CURVE('',#1232,#1214,#1243,.T.);
#1245=ORIENTED_EDGE('',*,*,#1244,.T.);
#1246=EDGE_LOOP('',(#1222,#1230,#1238,#1245));
#1247=FACE_BOUND('',#1246,.T.);
#1248=CARTESIAN_POINT('',(97.535486245,65.397193531,30.000012209));
#1249=VERTEX_POINT('',#1248);
#1250=CARTESIAN_POINT('',(97.535486245,29.664822962,30.));
#1251=VERTEX_POINT('',#1250);
#1252=CARTESIAN_POINT('',(97.535486245,65.397266993,30.));
#1253=DIRECTION('',(-0.,-1.,0.));
#1254=VECTOR('',#1253,35.732444031);
#1255=LINE('',#1252,#1254);
#1256=EDGE_CURVE('',#1249,#1251,#1255,.T.);
#1257=ORIENTED_EDGE('',*,*,#1256,.T.);
#1258=CARTESIAN_POINT('',(98.535486245,30.355092669,30.));
#1259=VERTEX_POINT('',#1258);
#1260=CARTESIAN_POINT('',(97.535486245,29.664822962,30.));
#1261=CARTESIAN_POINT('',(97.87474436,29.87540312,30.));
#1262=CARTESIAN_POINT('',(98.208345683,30.105619525,30.));
#1263=CARTESIAN_POINT('',(98.535486245,30.355092669,30.));
#1264=B_SPLINE_CURVE_WITH_KNOTS('',3,(#1260,#1261,#1262,#1263),.UNSPECIFIED.,.F.,.F.,(4,4),(0.373471853,0.898192075),.UNSPECIFIED.);
#1265=EDGE_CURVE('',#1251,#1259,#1264,.T.);
#1266=ORIENTED_EDGE('',*,*,#1265,.T.);
#1267=CARTESIAN_POINT('',(98.535372267,64.706846167,30.));
#1268=VERTEX_POINT('',#1267);
#1269=CARTESIAN_POINT('',(98.535486245,30.355092669,30.));
#1270=DIRECTION('',(0.,1.,0.));
#1271=VECTOR('',#1270,34.351904618);
#1272=LINE('',#1269,#1271);
#1273=EDGE_CURVE('',#1259,#1268,#1272,.T.);
#1274=ORIENTED_EDGE('',*,*,#1273,.T.);
#1275=CARTESIAN_POINT('',(98.535486245,64.706997287,30.));
#1276=CARTESIAN_POINT('',(98.045196614,65.080885793,30.));
#1277=CARTESIAN_POINT('',(97.535486245,65.397266993,30.));
#1278=B_SPLINE_CURVE_WITH_KNOTS('',2,(#1275,#1276,#1277),.UNSPECIFIED.,.F.,.F.,(3,3),(0.,1.),.UNSPECIFIED.);
#1279=EDGE_CURVE('',#1268,#1249,#1278,.T.);
#1280=ORIENTED_EDGE('',*,*,#1279,.T.);
#1281=EDGE_LOOP('',(#1257,#1266,#1274,#1280));
#1282=FACE_BOUND('',#1281,.T.);
#1283=CARTESIAN_POINT('',(90.535486245,28.14792192,30.));
#1284=VERTEX_POINT('',#1283);
#1285=CARTESIAN_POINT('',(90.535430259,66.914511842,30.));
#1286=VERTEX_POINT('',#1285);
#1287=CARTESIAN_POINT('',(90.535486245,28.14792192,30.));
#1288=DIRECTION('',(0.,1.,0.));
#1289=VECTOR('',#1288,38.766246116);
#1290=LINE('',#1287,#1289);
#1291=EDGE_CURVE('',#1284,#1286,#1290,.T.);
#1292=ORIENTED_EDGE('',*,*,#1291,.T.);
#1293=CARTESIAN_POINT('',(89.535486245,66.70452044,30.000004314));
#1294=VERTEX_POINT('',#1293);
#1295=CARTESIAN_POINT('',(90.535486245,66.914168036,30.));
#1296=CARTESIAN_POINT('',(90.032854592,66.835612802,30.));
#1297=CARTESIAN_POINT('',(89.535486245,66.704656594,30.));
#1298=B_SPLINE_CURVE_WITH_KNOTS('',2,(#1295,#1296,#1297),.UNSPECIFIED.,.F.,.F.,(3,3),(0.,1.),.UNSPECIFIED.);
#1299=EDGE_CURVE('',#1286,#1294,#1298,.T.);
#1300=ORIENTED_EDGE('',*,*,#1299,.T.);
#1301=CARTESIAN_POINT('',(89.535486245,28.357433362,30.));
#1302=VERTEX_POINT('',#1301);
#1303=CARTESIAN_POINT('',(89.535486245,66.704656594,30.));
#1304=DIRECTION('',(0.,-1.,0.));
#1305=VECTOR('',#1304,38.347223233);
#1306=LINE('',#1303,#1305);
#1307=EDGE_CURVE('',#1294,#1302,#1306,.T.);
#1308=ORIENTED_EDGE('',*,*,#1307,.T.);
#1309=CARTESIAN_POINT('',(89.535486245,28.357433362,30.));
#1310=CARTESIAN_POINT('',(89.867181507,28.270098585,30.));
#1311=CARTESIAN_POINT('',(90.200665848,28.200250289,30.));
#1312=CARTESIAN_POINT('',(90.535486245,28.14792192,30.));
#1313=B_SPLINE_CURVE_WITH_KNOTS('',3,(#1309,#1310,#1311,#1312),.UNSPECIFIED.,.F.,.F.,(4,4),(0.18798535,0.71336739),.UNSPECIFIED.);
#1314=EDGE_CURVE('',#1302,#1284,#1313,.T.);
#1315=ORIENTED_EDGE('',*,*,#1314,.T.);
#1316=EDGE_LOOP('',(#1292,#1300,#1308,#1315));
#1317=FACE_BOUND('',#1316,.T.);
#1318=CARTESIAN_POINT('',(95.535486245,66.3861378,30.));
#1319=VERTEX_POINT('',#1318);
#1320=CARTESIAN_POINT('',(95.535486245,28.675952156,30.));
#1321=VERTEX_POINT('',#1320);
#1322=CARTESIAN_POINT('',(95.535486245,66.3861378,30.));
#1323=DIRECTION('',(-0.,-1.,0.));
#1324=VECTOR('',#1323,37.710185643);
#1325=LINE('',#1322,#1324);
#1326=EDGE_CURVE('',#1319,#1321,#1325,.T.);
#1327=ORIENTED_EDGE('',*,*,#1326,.T.);
#1328=CARTESIAN_POINT('',(96.535486245,29.109123654,30.000010182));
#1329=VERTEX_POINT('',#1328);
#1330=CARTESIAN_POINT('',(95.535486245,28.675952156,30.));
#1331=CARTESIAN_POINT('',(96.041159172,28.865410184,30.));
#1332=CARTESIAN_POINT('',(96.535486245,29.109028497,30.));
#1333=B_SPLINE_CURVE_WITH_KNOTS('',2,(#1330,#1331,#1332),.UNSPECIFIED.,.F.,.F.,(3,3),(0.,1.),.UNSPECIFIED.);
#1334=EDGE_CURVE('',#1321,#1329,#1333,.T.);
#1335=ORIENTED_EDGE('',*,*,#1334,.T.);
#1336=CARTESIAN_POINT('',(96.535486245,65.953061459,30.));
#1337=VERTEX_POINT('',#1336);
#1338=CARTESIAN_POINT('',(96.535486245,29.109028497,30.));
#1339=DIRECTION('',(0.,1.,0.));
#1340=VECTOR('',#1339,36.844032962);
#1341=LINE('',#1338,#1340);
#1342=EDGE_CURVE('',#1329,#1337,#1341,.T.);
#1343=ORIENTED_EDGE('',*,*,#1342,.T.);
#1344=CARTESIAN_POINT('',(96.535486245,65.953061459,30.));
#1345=CARTESIAN_POINT('',(96.205698568,66.11559012,30.));
#1346=CARTESIAN_POINT('',(95.872167272,66.259995149,30.));
#1347=CARTESIAN_POINT('',(95.535486245,66.3861378,30.));
#1348=B_SPLINE_CURVE_WITH_KNOTS('',3,(#1344,#1345,#1346,#1347),.UNSPECIFIED.,.F.,.F.,(4,4),(0.142207764,0.666972882),.UNSPECIFIED.);
#1349=EDGE_CURVE('',#1337,#1319,#1348,.T.);
#1350=ORIENTED_EDGE('',*,*,#1349,.T.);
#1351=EDGE_LOOP('',(#1327,#1335,#1343,#1350));
#1352=FACE_BOUND('',#1351,.T.);
#1353=CARTESIAN_POINT('',(92.535486245,28.044112196,30.000000109));
#1354=VERTEX_POINT('',#1353);
#1355=CARTESIAN_POINT('',(92.535486245,67.018097199,30.));
#1356=VERTEX_POINT('',#1355);
#1357=CARTESIAN_POINT('',(92.535486245,28.043992757,30.));
#1358=DIRECTION('',(0.,1.,0.));
#1359=VECTOR('',#1358,38.974104442);
#1360=LINE('',#1357,#1359);
#1361=EDGE_CURVE('',#1354,#1356,#1360,.T.);
#1362=ORIENTED_EDGE('',*,*,#1361,.T.);
#1363=CARTESIAN_POINT('',(91.535486245,67.018097199,30.));
#1364=VERTEX_POINT('',#1363);
#1365=CARTESIAN_POINT('',(92.535486245,67.018097199,30.));
#1366=CARTESIAN_POINT('',(92.202219798,67.035376159,30.));
#1367=CARTESIAN_POINT('',(91.868752692,67.035376159,30.));
#1368=CARTESIAN_POINT('',(91.535486245,67.018097199,30.));
#1369=B_SPLINE_CURVE_WITH_KNOTS('',3,(#1365,#1366,#1367,#1368),.UNSPECIFIED.,.F.,.F.,(4,4),(0.237152412,0.762847588),.UNSPECIFIED.);
#1370=EDGE_CURVE('',#1356,#1364,#1369,.T.);
#1371=ORIENTED_EDGE('',*,*,#1370,.T.);
#1372=CARTESIAN_POINT('',(91.535491339,28.044112087,30.));
#1373=VERTEX_POINT('',#1372);
#1374=CARTESIAN_POINT('',(91.535486245,67.018097199,30.));
#1375=DIRECTION('',(-0.,-1.,0.));
#1376=VECTOR('',#1375,38.974104442);
#1377=LINE('',#1374,#1376);
#1378=EDGE_CURVE('',#1364,#1373,#1377,.T.);
#1379=ORIENTED_EDGE('',*,*,#1378,.T.);
#1380=CARTESIAN_POINT('',(91.535486245,28.043992757,30.));
#1381=CARTESIAN_POINT('',(92.035486245,28.018069116,30.));
#1382=CARTESIAN_POINT('',(92.535486245,28.043992757,30.));
#1383=B_SPLINE_CURVE_WITH_KNOTS('',2,(#1380,#1381,#1382),.UNSPECIFIED.,.F.,.F.,(3,3),(0.,1.),.UNSPECIFIED.);
#1384=EDGE_CURVE('',#1373,#1354,#1383,.T.);
#1385=ORIENTED_EDGE('',*,*,#1384,.T.);
#1386=EDGE_LOOP('',(#1362,#1371,#1379,#1385));
#1387=FACE_BOUND('',#1386,.T.);
#1388=CARTESIAN_POINT('',(103.535486245,58.207968296,30.));
#1389=VERTEX_POINT('',#1388);
#1390=CARTESIAN_POINT('',(103.535496505,36.854116932,30.));
#1391=VERTEX_POINT('',#1390);
#1392=CARTESIAN_POINT('',(103.535486245,58.207968296,30.));
#1393=DIRECTION('',(-0.,-1.,0.));
#1394=VECTOR('',#1393,21.353846636);
#1395=LINE('',#1392,#1394);
#1396=EDGE_CURVE('',#1389,#1391,#1395,.T.);
#1397=ORIENTED_EDGE('',*,*,#1396,.T.);
#1398=CARTESIAN_POINT('',(104.535486245,39.41822353,30.000084363));
#1399=VERTEX_POINT('',#1398);
#1400=CARTESIAN_POINT('',(103.535486245,36.85412166,30.));
#1401=CARTESIAN_POINT('',(104.103702916,38.083128232,30.));
#1402=CARTESIAN_POINT('',(104.535486245,39.418165546,30.));
#1403=B_SPLINE_CURVE_WITH_KNOTS('',2,(#1400,#1401,#1402),.UNSPECIFIED.,.F.,.F.,(3,3),(0.,1.),.UNSPECIFIED.);
#1404=EDGE_CURVE('',#1391,#1399,#1403,.T.);
#1405=ORIENTED_EDGE('',*,*,#1404,.T.);
#1406=CARTESIAN_POINT('',(104.535486245,55.64392441,30.));
#1407=VERTEX_POINT('',#1406);
#1408=CARTESIAN_POINT('',(104.535486245,39.418165546,30.));
#1409=DIRECTION('',(0.,1.,0.));
#1410=VECTOR('',#1409,16.225758864);
#1411=LINE('',#1408,#1410);
#1412=EDGE_CURVE('',#1399,#1407,#1411,.T.);
#1413=ORIENTED_EDGE('',*,*,#1412,.T.);
#1414=CARTESIAN_POINT('',(104.535486245,55.64392441,30.));
#1415=CARTESIAN_POINT('',(104.247539994,56.534229717,30.));
#1416=CARTESIAN_POINT('',(103.91306301,57.391300379,30.));
#1417=CARTESIAN_POINT('',(103.535486245,58.207968296,30.));
#1418=B_SPLINE_CURVE_WITH_KNOTS('',3,(#1414,#1415,#1416,#1417),.UNSPECIFIED.,.F.,.F.,(4,4),(0.01548027,0.575529303),.UNSPECIFIED.);
#1419=EDGE_CURVE('',#1407,#1389,#1418,.T.);
#1420=ORIENTED_EDGE('',*,*,#1419,.T.);
#1421=EDGE_LOOP('',(#1397,#1405,#1413,#1420));
#1422=FACE_BOUND('',#1421,.T.);
#1423=CARTESIAN_POINT('',(93.535486245,66.91451634,29.999995442));
#1424=VERTEX_POINT('',#1423);
#1425=CARTESIAN_POINT('',(93.535486245,28.14792192,30.));
#1426=VERTEX_POINT('',#1425);
#1427=CARTESIAN_POINT('',(93.535486245,66.914168036,30.));
#1428=DIRECTION('',(-0.,-1.,0.));
#1429=VECTOR('',#1428,38.766246116);
#1430=LINE('',#1427,#1429);
#1431=EDGE_CURVE('',#1424,#1426,#1430,.T.);
#1432=ORIENTED_EDGE('',*,*,#1431,.T.);
#1433=CARTESIAN_POINT('',(94.535486245,28.357433362,30.));
#1434=VERTEX_POINT('',#1433);
#1435=CARTESIAN_POINT('',(93.535486245,28.14792192,30.));
#1436=CARTESIAN_POINT('',(93.870306642,28.200250289,30.));
#1437=CARTESIAN_POINT('',(94.203790983,28.270098585,30.));
#1438=CARTESIAN_POINT('',(94.535486245,28.357433362,30.));
#1439=B_SPLINE_CURVE_WITH_KNOTS('',3,(#1435,#1436,#1437,#1438),.UNSPECIFIED.,.F.,.F.,(4,4),(0.28663261,0.81201465),.UNSPECIFIED.);
#1440=EDGE_CURVE('',#1426,#1434,#1439,.T.);
#1441=ORIENTED_EDGE('',*,*,#1440,.T.);
#1442=CARTESIAN_POINT('',(94.535452491,66.70452462,30.));
#1443=VERTEX_POINT('',#1442);
#1444=CARTESIAN_POINT('',(94.535486245,28.357433362,30.));
#1445=DIRECTION('',(0.,1.,0.));
#1446=VECTOR('',#1445,38.347223233);
#1447=LINE('',#1444,#1446);
#1448=EDGE_CURVE('',#1434,#1443,#1447,.T.);
#1449=ORIENTED_EDGE('',*,*,#1448,.T.);
#1450=CARTESIAN_POINT('',(94.535486245,66.704656594,30.));
#1451=CARTESIAN_POINT('',(94.038117898,66.835612802,30.));
#1452=CARTESIAN_POINT('',(93.535486245,66.914168036,30.));
#1453=B_SPLINE_CURVE_WITH_KNOTS('',2,(#1450,#1451,#1452),.UNSPECIFIED.,.F.,.F.,(3,3),(0.,1.),.UNSPECIFIED.);
#1454=EDGE_CURVE('',#1443,#1424,#1453,.T.);
#1455=ORIENTED_EDGE('',*,*,#1454,.T.);
#1456=EDGE_LOOP('',(#1432,#1441,#1449,#1455));
#1457=FACE_BOUND('',#1456,.T.);
#1458=ADVANCED_FACE('',(#610,#661,#711,#754,#786,#821,#891,#911,#922,#933,#944,#955,#975,#995,#1015,#1050,#1085,#1120,#1155,#1166,#1177,#1212,#1247,#1282,#1317,#1352,
#1387,#1422,#1457),#576,.F.);
#1459=CARTESIAN_POINT('',(0.,0.,33.));
#1460=DIRECTION('',(0.,0.,1.));
#1461=DIRECTION('',(0.,1.,0.));
#1462=AXIS2_PLACEMENT_3D('',#1459,#1460,#1461);
#1463=PLANE('',#1462);
#1464=CARTESIAN_POINT('',(107.,4.582575695,33.));
#1465=VERTEX_POINT('',#1464);
#1466=CARTESIAN_POINT('',(107.417424305,5.,33.));
#1467=VERTEX_POINT('',#1466);
#1468=CARTESIAN_POINT('',(107.,5.,33.));
#1469=DIRECTION('',(0.,0.,1.));
#1470=DIRECTION('',(1.,0.,-0.));
#1471=AXIS2_PLACEMENT_3D('',#1468,#1469,#1470);
#1472=CIRCLE('',#1471,0.417424305);
#1473=EDGE_CURVE('',#1465,#1467,#1472,.T.);
#1474=ORIENTED_EDGE('',*,*,#1473,.T.);
#1475=CARTESIAN_POINT('',(107.417424305,90.,33.));
#1476=VERTEX_POINT('',#1475);
#1477=CARTESIAN_POINT('',(107.417424305,5.,33.));
#1478=DIRECTION('',(0.,1.,0.));
#1479=VECTOR('',#1478,85.);
#1480=LINE('',#1477,#1479);
#1481=EDGE_CURVE('',#1467,#1476,#1480,.T.);
#1482=ORIENTED_EDGE('',*,*,#1481,.T.);
#1483=CARTESIAN_POINT('',(107.,90.417424305,33.));
#1484=VERTEX_POINT('',#1483);
#1485=CARTESIAN_POINT('',(107.,90.,33.));
#1486=DIRECTION('',(0.,0.,1.));
#1487=DIRECTION('',(1.,0.,-0.));
#1488=AXIS2_PLACEMENT_3D('',#1485,#1486,#1487);
#1489=CIRCLE('',#1488,0.417424305);
#1490=EDGE_CURVE('',#1476,#1484,#1489,.T.);
#1491=ORIENTED_EDGE('',*,*,#1490,.T.);
#1492=CARTESIAN_POINT('',(5.,90.417424305,33.));
#1493=VERTEX_POINT('',#1492);
#1494=CARTESIAN_POINT('',(107.,90.417424305,33.));
#1495=DIRECTION('',(-1.,0.,0.));
#1496=VECTOR('',#1495,102.);
#1497=LINE('',#1494,#1496);
#1498=EDGE_CURVE('',#1484,#1493,#1497,.T.);
#1499=ORIENTED_EDGE('',*,*,#1498,.T.);
#1500=CARTESIAN_POINT('',(4.582575695,90.,33.));
#1501=VERTEX_POINT('',#1500);
#1502=CARTESIAN_POINT('',(5.,90.,33.));
#1503=DIRECTION('',(0.,0.,1.));
#1504=DIRECTION('',(1.,0.,-0.));
#1505=AXIS2_PLACEMENT_3D('',#1502,#1503,#1504);
#1506=CIRCLE('',#1505,0.417424305);
#1507=EDGE_CURVE('',#1493,#1501,#1506,.T.);
#1508=ORIENTED_EDGE('',*,*,#1507,.T.);
#1509=CARTESIAN_POINT('',(4.582575695,5.,33.));
#1510=VERTEX_POINT('',#1509);
#1511=CARTESIAN_POINT('',(4.582575695,90.,33.));
#1512=DIRECTION('',(0.,-1.,0.));
#1513=VECTOR('',#1512,85.);
#1514=LINE('',#1511,#1513);
#1515=EDGE_CURVE('',#1501,#1510,#1514,.T.);
#1516=ORIENTED_EDGE('',*,*,#1515,.T.);
#1517=CARTESIAN_POINT('',(5.,4.582575695,33.));
#1518=VERTEX_POINT('',#1517);
#1519=CARTESIAN_POINT('',(5.,5.,33.));
#1520=DIRECTION('',(0.,0.,1.));
#1521=DIRECTION('',(1.,0.,-0.));
#1522=AXIS2_PLACEMENT_3D('',#1519,#1520,#1521);
#1523=CIRCLE('',#1522,0.417424305);
#1524=EDGE_CURVE('',#1510,#1518,#1523,.T.);
#1525=ORIENTED_EDGE('',*,*,#1524,.T.);
#1526=CARTESIAN_POINT('',(5.,4.582575695,33.));
#1527=DIRECTION('',(1.,0.,-0.));
#1528=VECTOR('',#1527,102.);
#1529=LINE('',#1526,#1528);
#1530=EDGE_CURVE('',#1518,#1465,#1529,.T.);
#1531=ORIENTED_EDGE('',*,*,#1530,.T.);
#1532=EDGE_LOOP('',(#1474,#1482,#1491,#1499,#1508,#1516,#1525,#1531));
#1533=FACE_BOUND('',#1532,.T.);
#1534=CARTESIAN_POINT('',(93.535486245,69.950704448,33.));
#1535=VERTEX_POINT('',#1534);
#1536=CARTESIAN_POINT('',(93.535486245,28.14792192,33.));
#1537=VERTEX_POINT('',#1536);
#1538=CARTESIAN_POINT('',(93.535486245,69.950704448,33.));
#1539=DIRECTION('',(-0.,-1.,0.));
#1540=VECTOR('',#1539,41.802782528);
#1541=LINE('',#1538,#1540);
#1542=EDGE_CURVE('',#1535,#1537,#1541,.T.);
#1543=ORIENTED_EDGE('',*,*,#1542,.F.);
#1544=CARTESIAN_POINT('',(94.535486245,69.781921877,33.));
#1545=VERTEX_POINT('',#1544);
#1546=CARTESIAN_POINT('',(93.535486245,69.950704448,33.));
#1547=CARTESIAN_POINT('',(94.535486245,69.781921877,33.));
#1548=B_SPLINE_CURVE_WITH_KNOTS('',1,(#1546,#1547),.UNSPECIFIED.,.F.,.F.,(2,2),(0.,1.),.UNSPECIFIED.);
#1549=EDGE_CURVE('',#1535,#1545,#1548,.T.);
#1550=ORIENTED_EDGE('',*,*,#1549,.T.);
#1551=CARTESIAN_POINT('',(94.535486245,28.357433362,33.));
#1552=VERTEX_POINT('',#1551);
#1553=CARTESIAN_POINT('',(94.535486245,28.357433362,33.));
#1554=DIRECTION('',(0.,1.,0.));
#1555=VECTOR('',#1554,41.424488516);
#1556=LINE('',#1553,#1555);
#1557=EDGE_CURVE('',#1552,#1545,#1556,.T.);
#1558=ORIENTED_EDGE('',*,*,#1557,.F.);
#1559=CARTESIAN_POINT('',(93.535486245,28.14792192,33.));
#1560=CARTESIAN_POINT('',(93.870306642,28.200250289,33.));
#1561=CARTESIAN_POINT('',(94.203790983,28.270098585,33.));
#1562=CARTESIAN_POINT('',(94.535486245,28.357433362,33.));
#1563=B_SPLINE_CURVE_WITH_KNOTS('',3,(#1559,#1560,#1561,#1562),.UNSPECIFIED.,.F.,.F.,(4,4),(0.28663261,0.81201465),.UNSPECIFIED.);
#1564=EDGE_CURVE('',#1537,#1552,#1563,.T.);
#1565=ORIENTED_EDGE('',*,*,#1564,.F.);
#1566=EDGE_LOOP('',(#1543,#1550,#1558,#1565));
#1567=FACE_BOUND('',#1566,.T.);
#1568=CARTESIAN_POINT('',(104.535486242,31.868336944,33.));
#1569=VERTEX_POINT('',#1568);
#1570=CARTESIAN_POINT('',(104.535486245,55.64392441,33.));
#1571=VERTEX_POINT('',#1570);
#1572=CARTESIAN_POINT('',(104.535486245,31.868336944,33.));
#1573=DIRECTION('',(0.,1.,0.));
#1574=VECTOR('',#1573,23.775587466);
#1575=LINE('',#1572,#1574);
#1576=EDGE_CURVE('',#1569,#1571,#1575,.T.);
#1577=ORIENTED_EDGE('',*,*,#1576,.F.);
#1578=CARTESIAN_POINT('',(103.535486245,29.705418063,33.));
#1579=VERTEX_POINT('',#1578);
#1580=CARTESIAN_POINT('',(104.535486242,31.868336944,33.));
#1581=CARTESIAN_POINT('',(103.535486247,29.705418063,33.));
#1582=B_SPLINE_CURVE_WITH_KNOTS('',1,(#1580,#1581),.UNSPECIFIED.,.F.,.F.,(2,2),(0.,1.),.UNSPECIFIED.);
#1583=EDGE_CURVE('',#1569,#1579,#1582,.T.);
#1584=ORIENTED_EDGE('',*,*,#1583,.T.);
#1585=CARTESIAN_POINT('',(103.535486245,58.207968296,33.));
#1586=VERTEX_POINT('',#1585);
#1587=CARTESIAN_POINT('',(103.535486245,58.207968296,33.));
#1588=DIRECTION('',(-0.,-1.,0.));
#1589=VECTOR('',#1588,28.502550233);
#1590=LINE('',#1587,#1589);
#1591=EDGE_CURVE('',#1586,#1579,#1590,.T.);
#1592=ORIENTED_EDGE('',*,*,#1591,.F.);
#1593=CARTESIAN_POINT('',(104.535486245,55.64392441,33.));
#1594=CARTESIAN_POINT('',(104.247539994,56.534229717,33.));
#1595=CARTESIAN_POINT('',(103.91306301,57.391300379,33.));
#1596=CARTESIAN_POINT('',(103.535486245,58.207968296,33.));
#1597=B_SPLINE_CURVE_WITH_KNOTS('',3,(#1593,#1594,#1595,#1596),.UNSPECIFIED.,.F.,.F.,(4,4),(0.01548027,0.575529303),.UNSPECIFIED.);
#1598=EDGE_CURVE('',#1571,#1586,#1597,.T.);
#1599=ORIENTED_EDGE('',*,*,#1598,.F.);
#1600=EDGE_LOOP('',(#1577,#1584,#1592,#1599));
#1601=FACE_BOUND('',#1600,.T.);
#1602=CARTESIAN_POINT('',(80.535486243,29.705418063,33.));
#1603=VERTEX_POINT('',#1602);
#1604=CARTESIAN_POINT('',(80.535486245,58.207968296,33.));
#1605=VERTEX_POINT('',#1604);
#1606=CARTESIAN_POINT('',(80.535486245,29.705418063,33.));
#1607=DIRECTION('',(0.,1.,0.));
#1608=VECTOR('',#1607,28.502550234);
#1609=LINE('',#1606,#1608);
#1610=EDGE_CURVE('',#1603,#1605,#1609,.T.);
#1611=ORIENTED_EDGE('',*,*,#1610,.F.);
#1612=CARTESIAN_POINT('',(79.535486245,31.868336944,33.));
#1613=VERTEX_POINT('',#1612);
#1614=CARTESIAN_POINT('',(80.535486243,29.705418063,33.));
#1615=CARTESIAN_POINT('',(79.535486248,31.868336944,33.));
#1616=B_SPLINE_CURVE_WITH_KNOTS('',1,(#1614,#1615),.UNSPECIFIED.,.F.,.F.,(2,2),(0.,1.),.UNSPECIFIED.);
#1617=EDGE_CURVE('',#1603,#1613,#1616,.T.);
#1618=ORIENTED_EDGE('',*,*,#1617,.T.);
#1619=CARTESIAN_POINT('',(79.535486245,55.64392441,33.));
#1620=VERTEX_POINT('',#1619);
#1621=CARTESIAN_POINT('',(79.535486245,55.64392441,33.));
#1622=DIRECTION('',(0.,-1.,0.));
#1623=VECTOR('',#1622,23.775587466);
#1624=LINE('',#1621,#1623);
#1625=EDGE_CURVE('',#1620,#1613,#1624,.T.);
#1626=ORIENTED_EDGE('',*,*,#1625,.F.);
#1627=CARTESIAN_POINT('',(80.535486245,58.207968296,33.));
#1628=CARTESIAN_POINT('',(80.15790948,57.391300379,33.));
#1629=CARTESIAN_POINT('',(79.823432496,56.534229718,33.));
#1630=CARTESIAN_POINT('',(79.535486245,55.64392441,33.));
#1631=B_SPLINE_CURVE_WITH_KNOTS('',3,(#1627,#1628,#1629,#1630),.UNSPECIFIED.,.F.,.F.,(4,4),(0.424470697,0.98451973),.UNSPECIFIED.);
#1632=EDGE_CURVE('',#1605,#1620,#1631,.T.);
#1633=ORIENTED_EDGE('',*,*,#1632,.F.);
#1634=EDGE_LOOP('',(#1611,#1618,#1626,#1633));
#1635=FACE_BOUND('',#1634,.T.);
#1636=CARTESIAN_POINT('',(84.535486244,27.110820719,33.));
#1637=VERTEX_POINT('',#1636);
#1638=CARTESIAN_POINT('',(84.535486245,63.865424342,33.));
#1639=VERTEX_POINT('',#1638);
#1640=CARTESIAN_POINT('',(84.535486245,27.110820719,33.));
#1641=DIRECTION('',(-0.,1.,0.));
#1642=VECTOR('',#1641,36.754603623);
#1643=LINE('',#1640,#1642);
#1644=EDGE_CURVE('',#1637,#1639,#1643,.T.);
#1645=ORIENTED_EDGE('',*,*,#1644,.F.);
#1646=CARTESIAN_POINT('',(83.535486245,28.035430456,33.));
#1647=VERTEX_POINT('',#1646);
#1648=CARTESIAN_POINT('',(84.535486244,27.110820719,33.));
#1649=CARTESIAN_POINT('',(83.535486245,28.035430456,33.));
#1650=B_SPLINE_CURVE_WITH_KNOTS('',1,(#1648,#1649),.UNSPECIFIED.,.F.,.F.,(2,2),(0.,1.),.UNSPECIFIED.);
#1651=EDGE_CURVE('',#1637,#1647,#1650,.T.);
#1652=ORIENTED_EDGE('',*,*,#1651,.T.);
#1653=CARTESIAN_POINT('',(83.535486245,62.847815512,33.));
#1654=VERTEX_POINT('',#1653);
#1655=CARTESIAN_POINT('',(83.535486245,62.847815512,33.));
#1656=DIRECTION('',(0.,-1.,0.));
#1657=VECTOR('',#1656,34.812385056);
#1658=LINE('',#1655,#1657);
#1659=EDGE_CURVE('',#1654,#1647,#1658,.T.);
#1660=ORIENTED_EDGE('',*,*,#1659,.F.);
#1661=CARTESIAN_POINT('',(84.535486245,63.865424342,33.));
#1662=CARTESIAN_POINT('',(84.192139179,63.547962301,33.));
#1663=CARTESIAN_POINT('',(83.858437706,63.208470153,33.));
#1664=CARTESIAN_POINT('',(83.535486245,62.847815512,33.));
#1665=B_SPLINE_CURVE_WITH_KNOTS('',3,(#1661,#1662,#1663,#1664),.UNSPECIFIED.,.F.,.F.,(4,4),(0.405806996,0.932494377),.UNSPECIFIED.);
#1666=EDGE_CURVE('',#1639,#1654,#1665,.T.);
#1667=ORIENTED_EDGE('',*,*,#1666,.F.);
#1668=EDGE_LOOP('',(#1645,#1652,#1660,#1667));
#1669=FACE_BOUND('',#1668,.T.);
#1670=CARTESIAN_POINT('',(88.53548624,25.472303326,33.));
#1671=VERTEX_POINT('',#1670);
#1672=CARTESIAN_POINT('',(88.535486245,66.3861378,33.));
#1673=VERTEX_POINT('',#1672);
#1674=CARTESIAN_POINT('',(88.535486245,25.472303326,33.));
#1675=DIRECTION('',(-0.,1.,0.));
#1676=VECTOR('',#1675,40.913834473);
#1677=LINE('',#1674,#1676);
#1678=EDGE_CURVE('',#1671,#1673,#1677,.T.);
#1679=ORIENTED_EDGE('',*,*,#1678,.F.);
#1680=CARTESIAN_POINT('',(87.535486245,25.846968481,33.));
#1681=VERTEX_POINT('',#1680);
#1682=CARTESIAN_POINT('',(88.53548624,25.472303326,33.));
#1683=CARTESIAN_POINT('',(87.535486255,25.846968481,33.));
#1684=B_SPLINE_CURVE_WITH_KNOTS('',1,(#1682,#1683),.UNSPECIFIED.,.F.,.F.,(2,2),(0.,1.),.UNSPECIFIED.);
#1685=EDGE_CURVE('',#1671,#1681,#1684,.T.);
#1686=ORIENTED_EDGE('',*,*,#1685,.T.);
#1687=CARTESIAN_POINT('',(87.535486245,65.953061459,33.));
#1688=VERTEX_POINT('',#1687);
#1689=CARTESIAN_POINT('',(87.535486245,65.953061459,33.));
#1690=DIRECTION('',(0.,-1.,0.));
#1691=VECTOR('',#1690,40.106092978);
#1692=LINE('',#1689,#1691);
#1693=EDGE_CURVE('',#1688,#1681,#1692,.T.);
#1694=ORIENTED_EDGE('',*,*,#1693,.F.);
#1695=CARTESIAN_POINT('',(88.535486245,66.3861378,33.));
#1696=CARTESIAN_POINT('',(88.198805218,66.259995149,33.));
#1697=CARTESIAN_POINT('',(87.865273922,66.115590121,33.));
#1698=CARTESIAN_POINT('',(87.535486245,65.953061459,33.));
#1699=B_SPLINE_CURVE_WITH_KNOTS('',3,(#1695,#1696,#1697,#1698),.UNSPECIFIED.,.F.,.F.,(4,4),(0.333027118,0.857792236),.UNSPECIFIED.);
#1700=EDGE_CURVE('',#1673,#1688,#1699,.T.);
#1701=ORIENTED_EDGE('',*,*,#1700,.F.);
#1702=EDGE_LOOP('',(#1679,#1686,#1694,#1701));
#1703=FACE_BOUND('',#1702,.T.);
#1704=CARTESIAN_POINT('',(92.535486245,25.043133611,33.));
#1705=VERTEX_POINT('',#1704);
#1706=CARTESIAN_POINT('',(92.535486245,67.018097199,33.));
#1707=VERTEX_POINT('',#1706);
#1708=CARTESIAN_POINT('',(92.535486245,25.043133611,33.));
#1709=DIRECTION('',(0.,1.,0.));
#1710=VECTOR('',#1709,41.974963588);
#1711=LINE('',#1708,#1710);
#1712=EDGE_CURVE('',#1705,#1707,#1711,.T.);
#1713=ORIENTED_EDGE('',*,*,#1712,.F.);
#1714=CARTESIAN_POINT('',(91.535486245,25.043133611,33.));
#1715=VERTEX_POINT('',#1714);
#1716=CARTESIAN_POINT('',(92.535486245,25.043133611,33.));
#1717=CARTESIAN_POINT('',(91.535486245,25.043133611,33.));
#1718=B_SPLINE_CURVE_WITH_KNOTS('',1,(#1716,#1717),.UNSPECIFIED.,.F.,.F.,(2,2),(0.,1.),.UNSPECIFIED.);
#1719=EDGE_CURVE('',#1705,#1715,#1718,.T.);
#1720=ORIENTED_EDGE('',*,*,#1719,.T.);
#1721=CARTESIAN_POINT('',(91.535486245,67.018097199,33.));
#1722=VERTEX_POINT('',#1721);
#1723=CARTESIAN_POINT('',(91.535486245,67.018097199,33.));
#1724=DIRECTION('',(-0.,-1.,0.));
#1725=VECTOR('',#1724,41.974963588);
#1726=LINE('',#1723,#1725);
#1727=EDGE_CURVE('',#1722,#1715,#1726,.T.);
#1728=ORIENTED_EDGE('',*,*,#1727,.F.);
#1729=CARTESIAN_POINT('',(92.535486245,67.018097199,33.));
#1730=CARTESIAN_POINT('',(92.202219798,67.035376159,33.));
#1731=CARTESIAN_POINT('',(91.868752692,67.035376159,33.));
#1732=CARTESIAN_POINT('',(91.535486245,67.018097199,33.));
#1733=B_SPLINE_CURVE_WITH_KNOTS('',3,(#1729,#1730,#1731,#1732),.UNSPECIFIED.,.F.,.F.,(4,4),(0.237152412,0.762847588),.UNSPECIFIED.);
#1734=EDGE_CURVE('',#1707,#1722,#1733,.T.);
#1735=ORIENTED_EDGE('',*,*,#1734,.F.);
#1736=EDGE_LOOP('',(#1713,#1720,#1728,#1735));
#1737=FACE_BOUND('',#1736,.T.);
#1738=CARTESIAN_POINT('',(96.535486235,25.846968481,33.));
#1739=VERTEX_POINT('',#1738);
#1740=CARTESIAN_POINT('',(96.535486245,65.953061459,33.));
#1741=VERTEX_POINT('',#1740);
#1742=CARTESIAN_POINT('',(96.535486245,25.846968481,33.));
#1743=DIRECTION('',(0.,1.,0.));
#1744=VECTOR('',#1743,40.106092978);
#1745=LINE('',#1742,#1744);
#1746=EDGE_CURVE('',#1739,#1741,#1745,.T.);
#1747=ORIENTED_EDGE('',*,*,#1746,.F.);
#1748=CARTESIAN_POINT('',(95.535486245,25.472303326,33.));
#1749=VERTEX_POINT('',#1748);
#1750=CARTESIAN_POINT('',(96.535486235,25.846968481,33.));
#1751=CARTESIAN_POINT('',(95.53548625,25.472303326,33.));
#1752=B_SPLINE_CURVE_WITH_KNOTS('',1,(#1750,#1751),.UNSPECIFIED.,.F.,.F.,(2,2),(0.,1.),.UNSPECIFIED.);
#1753=EDGE_CURVE('',#1739,#1749,#1752,.T.);
#1754=ORIENTED_EDGE('',*,*,#1753,.T.);
#1755=CARTESIAN_POINT('',(95.535486245,66.3861378,33.));
#1756=VERTEX_POINT('',#1755);
#1757=CARTESIAN_POINT('',(95.535486245,66.3861378,33.));
#1758=DIRECTION('',(-0.,-1.,0.));
#1759=VECTOR('',#1758,40.913834473);
#1760=LINE('',#1757,#1759);
#1761=EDGE_CURVE('',#1756,#1749,#1760,.T.);
#1762=ORIENTED_EDGE('',*,*,#1761,.F.);
#1763=CARTESIAN_POINT('',(96.535486245,65.953061459,33.));
#1764=CARTESIAN_POINT('',(96.205698568,66.11559012,33.));
#1765=CARTESIAN_POINT('',(95.872167272,66.259995149,33.));
#1766=CARTESIAN_POINT('',(95.535486245,66.3861378,33.));
#1767=B_SPLINE_CURVE_WITH_KNOTS('',3,(#1763,#1764,#1765,#1766),.UNSPECIFIED.,.F.,.F.,(4,4),(0.142207764,0.666972882),.UNSPECIFIED.);
#1768=EDGE_CURVE('',#1741,#1756,#1767,.T.);
#1769=ORIENTED_EDGE('',*,*,#1768,.F.);
#1770=EDGE_LOOP('',(#1747,#1754,#1762,#1769));
#1771=FACE_BOUND('',#1770,.T.);
#1772=CARTESIAN_POINT('',(89.535486245,69.781921878,33.));
#1773=VERTEX_POINT('',#1772);
#1774=CARTESIAN_POINT('',(89.535486245,28.357433362,33.));
#1775=VERTEX_POINT('',#1774);
#1776=CARTESIAN_POINT('',(89.535486245,69.781921878,33.));
#1777=DIRECTION('',(0.,-1.,0.));
#1778=VECTOR('',#1777,41.424488516);
#1779=LINE('',#1776,#1778);
#1780=EDGE_CURVE('',#1773,#1775,#1779,.T.);
#1781=ORIENTED_EDGE('',*,*,#1780,.F.);
#1782=CARTESIAN_POINT('',(90.535486245,69.950704448,33.));
#1783=VERTEX_POINT('',#1782);
#1784=CARTESIAN_POINT('',(89.535486245,69.781921878,33.));
#1785=CARTESIAN_POINT('',(90.535486245,69.950704448,33.));
#1786=B_SPLINE_CURVE_WITH_KNOTS('',1,(#1784,#1785),.UNSPECIFIED.,.F.,.F.,(2,2),(0.,1.),.UNSPECIFIED.);
#1787=EDGE_CURVE('',#1773,#1783,#1786,.T.);
#1788=ORIENTED_EDGE('',*,*,#1787,.T.);
#1789=CARTESIAN_POINT('',(90.535486245,28.14792192,33.));
#1790=VERTEX_POINT('',#1789);
#1791=CARTESIAN_POINT('',(90.535486245,28.14792192,33.));
#1792=DIRECTION('',(0.,1.,0.));
#1793=VECTOR('',#1792,41.802782528);
#1794=LINE('',#1791,#1793);
#1795=EDGE_CURVE('',#1790,#1783,#1794,.T.);
#1796=ORIENTED_EDGE('',*,*,#1795,.F.);
#1797=CARTESIAN_POINT('',(89.535486245,28.357433362,33.));
#1798=CARTESIAN_POINT('',(89.867181507,28.270098585,33.));
#1799=CARTESIAN_POINT('',(90.200665848,28.200250289,33.));
#1800=CARTESIAN_POINT('',(90.535486245,28.14792192,33.));
#1801=B_SPLINE_CURVE_WITH_KNOTS('',3,(#1797,#1798,#1799,#1800),.UNSPECIFIED.,.F.,.F.,(4,4),(0.18798535,0.71336739),.UNSPECIFIED.);
#1802=EDGE_CURVE('',#1775,#1790,#1801,.T.);
#1803=ORIENTED_EDGE('',*,*,#1802,.F.);
#1804=EDGE_LOOP('',(#1781,#1788,#1796,#1803));
#1805=FACE_BOUND('',#1804,.T.);
#1806=CARTESIAN_POINT('',(97.535486239,68.928202218,33.));
#1807=VERTEX_POINT('',#1806);
#1808=CARTESIAN_POINT('',(97.535486245,29.664822962,33.));
#1809=VERTEX_POINT('',#1808);
#1810=CARTESIAN_POINT('',(97.535486245,68.928202218,33.));
#1811=DIRECTION('',(-0.,-1.,0.));
#1812=VECTOR('',#1811,39.263379255);
#1813=LINE('',#1810,#1812);
#1814=EDGE_CURVE('',#1807,#1809,#1813,.T.);
#1815=ORIENTED_EDGE('',*,*,#1814,.F.);
#1816=CARTESIAN_POINT('',(98.535486245,68.307494416,33.));
#1817=VERTEX_POINT('',#1816);
#1818=CARTESIAN_POINT('',(97.535486239,68.928202218,33.));
#1819=CARTESIAN_POINT('',(98.535486245,68.307494416,33.));
#1820=B_SPLINE_CURVE_WITH_KNOTS('',1,(#1818,#1819),.UNSPECIFIED.,.F.,.F.,(2,2),(0.,1.),.UNSPECIFIED.);
#1821=EDGE_CURVE('',#1807,#1817,#1820,.T.);
#1822=ORIENTED_EDGE('',*,*,#1821,.T.);
#1823=CARTESIAN_POINT('',(98.535486245,30.355092669,33.));
#1824=VERTEX_POINT('',#1823);
#1825=CARTESIAN_POINT('',(98.535486245,30.355092669,33.));
#1826=DIRECTION('',(0.,1.,0.));
#1827=VECTOR('',#1826,37.952401748);
#1828=LINE('',#1825,#1827);
#1829=EDGE_CURVE('',#1824,#1817,#1828,.T.);
#1830=ORIENTED_EDGE('',*,*,#1829,.F.);
#1831=CARTESIAN_POINT('',(97.535486245,29.664822962,33.));
#1832=CARTESIAN_POINT('',(97.87474436,29.87540312,33.));
#1833=CARTESIAN_POINT('',(98.208345683,30.105619525,33.));
#1834=CARTESIAN_POINT('',(98.535486245,30.355092669,33.));
#1835=B_SPLINE_CURVE_WITH_KNOTS('',3,(#1831,#1832,#1833,#1834),.UNSPECIFIED.,.F.,.F.,(4,4),(0.373471853,0.898192075),.UNSPECIFIED.);
#1836=EDGE_CURVE('',#1809,#1824,#1835,.T.);
#1837=ORIENTED_EDGE('',*,*,#1836,.F.);
#1838=EDGE_LOOP('',(#1815,#1822,#1830,#1837));
#1839=FACE_BOUND('',#1838,.T.);
#1840=CARTESIAN_POINT('',(81.535486243,65.315279171,33.));
#1841=VERTEX_POINT('',#1840);
#1842=CARTESIAN_POINT('',(81.535486245,34.953671375,33.));
#1843=VERTEX_POINT('',#1842);
#1844=CARTESIAN_POINT('',(81.535486245,65.315279171,33.));
#1845=DIRECTION('',(0.,-1.,0.));
#1846=VECTOR('',#1845,30.361607796);
#1847=LINE('',#1844,#1846);
#1848=EDGE_CURVE('',#1841,#1843,#1847,.T.);
#1849=ORIENTED_EDGE('',*,*,#1848,.F.);
#1850=CARTESIAN_POINT('',(82.535486245,66.67157387,33.));
#1851=VERTEX_POINT('',#1850);
#1852=CARTESIAN_POINT('',(81.535486243,65.315279171,33.));
#1853=CARTESIAN_POINT('',(82.535486242,66.67157387,33.));
#1854=B_SPLINE_CURVE_WITH_KNOTS('',1,(#1852,#1853),.UNSPECIFIED.,.F.,.F.,(2,2),(0.,1.),.UNSPECIFIED.);
#1855=EDGE_CURVE('',#1841,#1851,#1854,.T.);
#1856=ORIENTED_EDGE('',*,*,#1855,.T.);
#1857=CARTESIAN_POINT('',(82.535486245,33.445792318,33.));
#1858=VERTEX_POINT('',#1857);
#1859=CARTESIAN_POINT('',(82.535486245,33.445792318,33.));
#1860=DIRECTION('',(-0.,1.,0.));
#1861=VECTOR('',#1860,33.225781552);
#1862=LINE('',#1859,#1861);
#1863=EDGE_CURVE('',#1858,#1851,#1862,.T.);
#1864=ORIENTED_EDGE('',*,*,#1863,.F.);
#1865=CARTESIAN_POINT('',(81.535486245,34.953671375,33.));
#1866=CARTESIAN_POINT('',(81.850215537,34.425681126,33.));
#1867=CARTESIAN_POINT('',(82.184097011,33.922379674,33.));
#1868=CARTESIAN_POINT('',(82.535486245,33.445792318,33.));
#1869=B_SPLINE_CURVE_WITH_KNOTS('',3,(#1865,#1866,#1867,#1868),.UNSPECIFIED.,.F.,.F.,(4,4),(0.039045462,0.572842495),.UNSPECIFIED.);
#1870=EDGE_CURVE('',#1843,#1858,#1869,.T.);
#1871=ORIENTED_EDGE('',*,*,#1870,.F.);
#1872=EDGE_LOOP('',(#1849,#1856,#1864,#1871));
#1873=FACE_BOUND('',#1872,.T.);
#1874=CARTESIAN_POINT('',(100.535486245,28.035430456,33.));
#1875=VERTEX_POINT('',#1874);
#1876=CARTESIAN_POINT('',(100.535486245,62.847815512,33.));
#1877=VERTEX_POINT('',#1876);
#1878=CARTESIAN_POINT('',(100.535486245,28.035430456,33.));
#1879=DIRECTION('',(0.,1.,0.));
#1880=VECTOR('',#1879,34.812385056);
#1881=LINE('',#1878,#1880);
#1882=EDGE_CURVE('',#1875,#1877,#1881,.T.);
#1883=ORIENTED_EDGE('',*,*,#1882,.F.);
#1884=CARTESIAN_POINT('',(99.535486245,27.110820719,33.));
#1885=VERTEX_POINT('',#1884);
#1886=CARTESIAN_POINT('',(100.535486245,28.035430456,33.));
#1887=CARTESIAN_POINT('',(99.535486246,27.110820719,33.));
#1888=B_SPLINE_CURVE_WITH_KNOTS('',1,(#1886,#1887),.UNSPECIFIED.,.F.,.F.,(2,2),(0.,1.),.UNSPECIFIED.);
#1889=EDGE_CURVE('',#1875,#1885,#1888,.T.);
#1890=ORIENTED_EDGE('',*,*,#1889,.T.);
#1891=CARTESIAN_POINT('',(99.535486245,63.865424342,33.));
#1892=VERTEX_POINT('',#1891);
#1893=CARTESIAN_POINT('',(99.535486245,63.865424342,33.));
#1894=DIRECTION('',(-0.,-1.,0.));
#1895=VECTOR('',#1894,36.754603623);
#1896=LINE('',#1893,#1895);
#1897=EDGE_CURVE('',#1892,#1885,#1896,.T.);
#1898=ORIENTED_EDGE('',*,*,#1897,.F.);
#1899=CARTESIAN_POINT('',(100.535486245,62.847815512,33.));
#1900=CARTESIAN_POINT('',(100.212534784,63.208470152,33.));
#1901=CARTESIAN_POINT('',(99.878833311,63.5479623,33.));
#1902=CARTESIAN_POINT('',(99.535486245,63.865424342,33.));
#1903=B_SPLINE_CURVE_WITH_KNOTS('',3,(#1899,#1900,#1901,#1902),.UNSPECIFIED.,.F.,.F.,(4,4),(0.067505623,0.594193004),.UNSPECIFIED.);
#1904=EDGE_CURVE('',#1877,#1892,#1903,.T.);
#1905=ORIENTED_EDGE('',*,*,#1904,.F.);
#1906=EDGE_LOOP('',(#1883,#1890,#1898,#1905));
#1907=FACE_BOUND('',#1906,.T.);
#1908=CARTESIAN_POINT('',(101.535486248,66.67157387,33.));
#1909=VERTEX_POINT('',#1908);
#1910=CARTESIAN_POINT('',(101.535486245,33.445792318,33.));
#1911=VERTEX_POINT('',#1910);
#1912=CARTESIAN_POINT('',(101.535486245,66.67157387,33.));
#1913=DIRECTION('',(-0.,-1.,0.));
#1914=VECTOR('',#1913,33.225781552);
#1915=LINE('',#1912,#1914);
#1916=EDGE_CURVE('',#1909,#1911,#1915,.T.);
#1917=ORIENTED_EDGE('',*,*,#1916,.F.);
#1918=CARTESIAN_POINT('',(102.535486245,65.315279171,33.));
#1919=VERTEX_POINT('',#1918);
#1920=CARTESIAN_POINT('',(101.535486248,66.67157387,33.));
#1921=CARTESIAN_POINT('',(102.535486247,65.315279171,33.));
#1922=B_SPLINE_CURVE_WITH_KNOTS('',1,(#1920,#1921),.UNSPECIFIED.,.F.,.F.,(2,2),(0.,1.),.UNSPECIFIED.);
#1923=EDGE_CURVE('',#1909,#1919,#1922,.T.);
#1924=ORIENTED_EDGE('',*,*,#1923,.T.);
#1925=CARTESIAN_POINT('',(102.535486245,34.953671375,33.));
#1926=VERTEX_POINT('',#1925);
#1927=CARTESIAN_POINT('',(102.535486245,34.953671375,33.));
#1928=DIRECTION('',(0.,1.,0.));
#1929=VECTOR('',#1928,30.361607796);
#1930=LINE('',#1927,#1929);
#1931=EDGE_CURVE('',#1926,#1919,#1930,.T.);
#1932=ORIENTED_EDGE('',*,*,#1931,.F.);
#1933=CARTESIAN_POINT('',(101.535486245,33.445792318,33.));
#1934=CARTESIAN_POINT('',(101.886875479,33.922379674,33.));
#1935=CARTESIAN_POINT('',(102.220756953,34.425681126,33.));
#1936=CARTESIAN_POINT('',(102.535486245,34.953671375,33.));
#1937=B_SPLINE_CURVE_WITH_KNOTS('',3,(#1933,#1934,#1935,#1936),.UNSPECIFIED.,.F.,.F.,(4,4),(0.427157505,0.960954538),.UNSPECIFIED.);
#1938=EDGE_CURVE('',#1911,#1926,#1937,.T.);
#1939=ORIENTED_EDGE('',*,*,#1938,.F.);
#1940=EDGE_LOOP('',(#1917,#1924,#1932,#1939));
#1941=FACE_BOUND('',#1940,.T.);
#1942=CARTESIAN_POINT('',(85.535486245,68.307494416,33.));
#1943=VERTEX_POINT('',#1942);
#1944=CARTESIAN_POINT('',(85.535486245,30.355092669,33.));
#1945=VERTEX_POINT('',#1944);
#1946=CARTESIAN_POINT('',(85.535486245,68.307494416,33.));
#1947=DIRECTION('',(0.,-1.,0.));
#1948=VECTOR('',#1947,37.952401747);
#1949=LINE('',#1946,#1948);
#1950=EDGE_CURVE('',#1943,#1945,#1949,.T.);
#1951=ORIENTED_EDGE('',*,*,#1950,.F.);
#1952=CARTESIAN_POINT('',(86.535486245,68.928202218,33.));
#1953=VERTEX_POINT('',#1952);
#1954=CARTESIAN_POINT('',(85.535486245,68.307494416,33.));
#1955=CARTESIAN_POINT('',(86.535486251,68.928202218,33.));
#1956=B_SPLINE_CURVE_WITH_KNOTS('',1,(#1954,#1955),.UNSPECIFIED.,.F.,.F.,(2,2),(0.,1.),.UNSPECIFIED.);
#1957=EDGE_CURVE('',#1943,#1953,#1956,.T.);
#1958=ORIENTED_EDGE('',*,*,#1957,.T.);
#1959=CARTESIAN_POINT('',(86.535486245,29.664822963,33.));
#1960=VERTEX_POINT('',#1959);
#1961=CARTESIAN_POINT('',(86.535486245,29.664822963,33.));
#1962=DIRECTION('',(-0.,1.,0.));
#1963=VECTOR('',#1962,39.263379255);
#1964=LINE('',#1961,#1963);
#1965=EDGE_CURVE('',#1960,#1953,#1964,.T.);
#1966=ORIENTED_EDGE('',*,*,#1965,.F.);
#1967=CARTESIAN_POINT('',(85.535486245,30.355092669,33.));
#1968=CARTESIAN_POINT('',(85.862626807,30.105619525,33.));
#1969=CARTESIAN_POINT('',(86.19622813,29.87540312,33.));
#1970=CARTESIAN_POINT('',(86.535486245,29.664822963,33.));
#1971=B_SPLINE_CURVE_WITH_KNOTS('',3,(#1967,#1968,#1969,#1970),.UNSPECIFIED.,.F.,.F.,(4,4),(0.101807925,0.626528147),.UNSPECIFIED.);
#1972=EDGE_CURVE('',#1945,#1960,#1971,.T.);
#1973=ORIENTED_EDGE('',*,*,#1972,.F.);
#1974=EDGE_LOOP('',(#1951,#1958,#1966,#1973));
#1975=FACE_BOUND('',#1974,.T.);
#1976=CARTESIAN_POINT('',(41.890312245,15.95608671,33.));
#1977=VERTEX_POINT('',#1976);
#1978=CARTESIAN_POINT('',(35.890312245,9.95608671,33.));
#1979=VERTEX_POINT('',#1978);
#1980=CARTESIAN_POINT('',(35.890312245,15.95608671,33.));
#1981=DIRECTION('',(0.,0.,1.));
#1982=DIRECTION('',(0.,-1.,0.));
#1983=AXIS2_PLACEMENT_3D('',#1980,#1981,#1982);
#1984=CIRCLE('',#1983,6.);
#1985=EDGE_CURVE('',#1977,#1979,#1984,.T.);
#1986=ORIENTED_EDGE('',*,*,#1985,.F.);
#1987=CARTESIAN_POINT('',(35.890312245,15.95608671,33.));
#1988=DIRECTION('',(0.,0.,1.));
#1989=DIRECTION('',(0.,-1.,0.));
#1990=AXIS2_PLACEMENT_3D('',#1987,#1988,#1989);
#1991=CIRCLE('',#1990,6.);
#1992=EDGE_CURVE('',#1979,#1977,#1991,.T.);
#1993=ORIENTED_EDGE('',*,*,#1992,.F.);
#1994=EDGE_LOOP('',(#1986,#1993));
#1995=FACE_BOUND('',#1994,.T.);
#1996=CARTESIAN_POINT('',(59.490312245,15.95608671,33.));
#1997=VERTEX_POINT('',#1996);
#1998=CARTESIAN_POINT('',(53.490312245,9.95608671,33.));
#1999=VERTEX_POINT('',#1998);
#2000=CARTESIAN_POINT('',(53.490312245,15.95608671,33.));
#2001=DIRECTION('',(0.,0.,1.));
#2002=DIRECTION('',(0.,-1.,0.));
#2003=AXIS2_PLACEMENT_3D('',#2000,#2001,#2002);
#2004=CIRCLE('',#2003,6.);
#2005=EDGE_CURVE('',#1997,#1999,#2004,.T.);
#2006=ORIENTED_EDGE('',*,*,#2005,.F.);
#2007=CARTESIAN_POINT('',(53.490312245,15.95608671,33.));
#2008=DIRECTION('',(0.,0.,1.));
#2009=DIRECTION('',(0.,-1.,0.));
#2010=AXIS2_PLACEMENT_3D('',#2007,#2008,#2009);
#2011=CIRCLE('',#2010,6.);
#2012=EDGE_CURVE('',#1999,#1997,#2011,.T.);
#2013=ORIENTED_EDGE('',*,*,#2012,.F.);
#2014=EDGE_LOOP('',(#2006,#2013));
#2015=FACE_BOUND('',#2014,.T.);
#2016=CARTESIAN_POINT('',(24.290312245,15.95608671,33.));
#2017=VERTEX_POINT('',#2016);
#2018=CARTESIAN_POINT('',(18.290312245,9.95608671,33.));
#2019=VERTEX_POINT('',#2018);
#2020=CARTESIAN_POINT('',(18.290312245,15.95608671,33.));
#2021=DIRECTION('',(0.,0.,1.));
#2022=DIRECTION('',(0.,-1.,0.));
#2023=AXIS2_PLACEMENT_3D('',#2020,#2021,#2022);
#2024=CIRCLE('',#2023,6.);
#2025=EDGE_CURVE('',#2017,#2019,#2024,.T.);
#2026=ORIENTED_EDGE('',*,*,#2025,.F.);
#2027=CARTESIAN_POINT('',(18.290312245,15.95608671,33.));
#2028=DIRECTION('',(0.,0.,1.));
#2029=DIRECTION('',(0.,-1.,0.));
#2030=AXIS2_PLACEMENT_3D('',#2027,#2028,#2029);
#2031=CIRCLE('',#2030,6.);
#2032=EDGE_CURVE('',#2019,#2017,#2031,.T.);
#2033=ORIENTED_EDGE('',*,*,#2032,.F.);
#2034=EDGE_LOOP('',(#2026,#2033));
#2035=FACE_BOUND('',#2034,.T.);
#2036=CARTESIAN_POINT('',(77.090312245,15.95608671,33.));
#2037=VERTEX_POINT('',#2036);
#2038=CARTESIAN_POINT('',(71.090312245,9.95608671,33.));
#2039=VERTEX_POINT('',#2038);
#2040=CARTESIAN_POINT('',(71.090312245,15.95608671,33.));
#2041=DIRECTION('',(0.,0.,1.));
#2042=DIRECTION('',(0.,-1.,0.));
#2043=AXIS2_PLACEMENT_3D('',#2040,#2041,#2042);
#2044=CIRCLE('',#2043,6.);
#2045=EDGE_CURVE('',#2037,#2039,#2044,.T.);
#2046=ORIENTED_EDGE('',*,*,#2045,.F.);
#2047=CARTESIAN_POINT('',(71.090312245,15.95608671,33.));
#2048=DIRECTION('',(0.,0.,1.));
#2049=DIRECTION('',(0.,-1.,0.));
#2050=AXIS2_PLACEMENT_3D('',#2047,#2048,#2049);
#2051=CIRCLE('',#2050,6.);
#2052=EDGE_CURVE('',#2039,#2037,#2051,.T.);
#2053=ORIENTED_EDGE('',*,*,#2052,.F.);
#2054=EDGE_LOOP('',(#2046,#2053));
#2055=FACE_BOUND('',#2054,.T.);
#2056=ADVANCED_FACE('',(#1533,#1567,#1601,#1635,#1669,#1703,#1737,#1771,#1805,#1839,#1873,#1907,#1941,#1975,#1995,#2015,#2035,#2055),#1463,.T.);
#2057=CARTESIAN_POINT('',(71.090312245,15.95608671,30.));
#2058=DIRECTION('',(0.,0.,1.));
#2059=DIRECTION('',(1.,0.,-0.));
#2060=AXIS2_PLACEMENT_3D('',#2057,#2058,#2059);
#2061=CYLINDRICAL_SURFACE('',#2060,6.);
#2062=CARTESIAN_POINT('',(77.090312245,15.95608671,33.));
#2063=DIRECTION('',(-0.,-0.,-1.));
#2064=VECTOR('',#2063,3.);
#2065=LINE('',#2062,#2064);
#2066=EDGE_CURVE('',#2037,#959,#2065,.T.);
#2067=ORIENTED_EDGE('',*,*,#2066,.F.);
#2068=ORIENTED_EDGE('',*,*,#2045,.T.);
#2069=ORIENTED_EDGE('',*,*,#2052,.T.);
#2070=ORIENTED_EDGE('',*,*,#2066,.T.);
#2071=ORIENTED_EDGE('',*,*,#965,.F.);
#2072=ORIENTED_EDGE('',*,*,#972,.F.);
#2073=EDGE_LOOP('',(#2067,#2068,#2069,#2070,#2071,#2072));
#2074=FACE_BOUND('',#2073,.T.);
#2075=ADVANCED_FACE('',(#2074),#2061,.F.);
#2076=CARTESIAN_POINT('',(18.290312245,15.95608671,30.));
#2077=DIRECTION('',(0.,0.,1.));
#2078=DIRECTION('',(1.,0.,-0.));
#2079=AXIS2_PLACEMENT_3D('',#2076,#2077,#2078);
#2080=CYLINDRICAL_SURFACE('',#2079,6.);
#2081=CARTESIAN_POINT('',(24.290312245,15.95608671,33.));
#2082=DIRECTION('',(-0.,-0.,-1.));
#2083=VECTOR('',#2082,3.);
#2084=LINE('',#2081,#2083);
#2085=EDGE_CURVE('',#2017,#895,#2084,.T.);
#2086=ORIENTED_EDGE('',*,*,#2085,.F.);
#2087=ORIENTED_EDGE('',*,*,#2025,.T.);
#2088=ORIENTED_EDGE('',*,*,#2032,.T.);
#2089=ORIENTED_EDGE('',*,*,#2085,.T.);
#2090=ORIENTED_EDGE('',*,*,#901,.F.);
#2091=ORIENTED_EDGE('',*,*,#908,.F.);
#2092=EDGE_LOOP('',(#2086,#2087,#2088,#2089,#2090,#2091));
#2093=FACE_BOUND('',#2092,.T.);
#2094=ADVANCED_FACE('',(#2093),#2080,.F.);
#2095=CARTESIAN_POINT('',(53.490312245,15.95608671,30.));
#2096=DIRECTION('',(0.,0.,1.));
#2097=DIRECTION('',(1.,0.,-0.));
#2098=AXIS2_PLACEMENT_3D('',#2095,#2096,#2097);
#2099=CYLINDRICAL_SURFACE('',#2098,6.);
#2100=CARTESIAN_POINT('',(59.490312245,15.95608671,33.));
#2101=DIRECTION('',(-0.,-0.,-1.));
#2102=VECTOR('',#2101,3.);
#2103=LINE('',#2100,#2102);
#2104=EDGE_CURVE('',#1997,#979,#2103,.T.);
#2105=ORIENTED_EDGE('',*,*,#2104,.F.);
#2106=ORIENTED_EDGE('',*,*,#2005,.T.);
#2107=ORIENTED_EDGE('',*,*,#2012,.T.);
#2108=ORIENTED_EDGE('',*,*,#2104,.T.);
#2109=ORIENTED_EDGE('',*,*,#985,.F.);
#2110=ORIENTED_EDGE('',*,*,#992,.F.);
#2111=EDGE_LOOP('',(#2105,#2106,#2107,#2108,#2109,#2110));
#2112=FACE_BOUND('',#2111,.T.);
#2113=ADVANCED_FACE('',(#2112),#2099,.F.);
#2114=CARTESIAN_POINT('',(35.890312245,15.95608671,30.));
#2115=DIRECTION('',(0.,0.,1.));
#2116=DIRECTION('',(1.,0.,-0.));
#2117=AXIS2_PLACEMENT_3D('',#2114,#2115,#2116);
#2118=CYLINDRICAL_SURFACE('',#2117,6.);
#2119=CARTESIAN_POINT('',(41.890312245,15.95608671,33.));
#2120=DIRECTION('',(-0.,-0.,-1.));
#2121=VECTOR('',#2120,3.);
#2122=LINE('',#2119,#2121);
#2123=EDGE_CURVE('',#1977,#999,#2122,.T.);
#2124=ORIENTED_EDGE('',*,*,#2123,.F.);
#2125=ORIENTED_EDGE('',*,*,#1985,.T.);
#2126=ORIENTED_EDGE('',*,*,#1992,.T.);
#2127=ORIENTED_EDGE('',*,*,#2123,.T.);
#2128=ORIENTED_EDGE('',*,*,#1005,.F.);
#2129=ORIENTED_EDGE('',*,*,#1012,.F.);
#2130=EDGE_LOOP('',(#2124,#2125,#2126,#2127,#2128,#2129));
#2131=FACE_BOUND('',#2130,.T.);
#2132=ADVANCED_FACE('',(#2131),#2118,.F.);
#2133=CARTESIAN_POINT('',(85.535486245,47.531044978,30.));
#2134=DIRECTION('',(-1.,-0.,0.));
#2135=DIRECTION('',(0.,-1.,0.));
#2136=AXIS2_PLACEMENT_3D('',#2133,#2134,#2135);
#2137=PLANE('',#2136);
#2138=ORIENTED_EDGE('',*,*,#1950,.T.);
#2139=CARTESIAN_POINT('',(85.535486245,30.355092669,30.));
#2140=DIRECTION('',(0.,0.,1.));
#2141=VECTOR('',#2140,3.);
#2142=LINE('',#2139,#2141);
#2143=EDGE_CURVE('',#1035,#1945,#2142,.T.);
#2144=ORIENTED_EDGE('',*,*,#2143,.F.);
#2145=ORIENTED_EDGE('',*,*,#1040,.F.);
#2146=CARTESIAN_POINT('',(85.535486245,64.706720407,30.000157517));
#2147=CARTESIAN_POINT('',(85.535486245,65.373079925,30.532175339));
#2148=CARTESIAN_POINT('',(85.535486245,65.920122641,30.984012915));
#2149=CARTESIAN_POINT('',(85.535486245,66.444151059,31.41684151));
#2150=CARTESIAN_POINT('',(85.535486245,68.307494416,33.));
#2151=B_SPLINE_CURVE_WITH_KNOTS('',2,(#2146,#2147,#2148,#2149,#2150),.UNSPECIFIED.,.F.,.F.,(3,2,3),(0.000023082,0.333333333,1.),.UNSPECIFIED.);
#2152=EDGE_CURVE('',#1027,#1943,#2151,.T.);
#2153=ORIENTED_EDGE('',*,*,#2152,.T.);
#2154=EDGE_LOOP('',(#2138,#2144,#2145,#2153));
#2155=FACE_BOUND('',#2154,.T.);
#2156=ADVANCED_FACE('',(#2155),#2137,.F.);
#2157=CARTESIAN_POINT('',(85.535486245,30.355092669,30.));
#2158=CARTESIAN_POINT('',(85.535486245,30.355092669,33.));
#2159=CARTESIAN_POINT('',(85.862626807,30.105619525,30.));
#2160=CARTESIAN_POINT('',(85.862626807,30.105619525,33.));
#2161=CARTESIAN_POINT('',(86.19622813,29.87540312,30.));
#2162=CARTESIAN_POINT('',(86.19622813,29.87540312,33.));
#2163=CARTESIAN_POINT('',(86.535486245,29.664822963,30.));
#2164=CARTESIAN_POINT('',(86.535486245,29.664822963,33.));
#2165=B_SPLINE_SURFACE_WITH_KNOTS('',3,1,((#2157,#2158),(#2159,#2160),(#2161,#2162),(#2163,#2164)),.UNSPECIFIED.,.F.,.F.,.U.,(4,4),(2,2),(0.101807925,0.626528147),(0.,1.),.UNSPECIFIED.);
#2166=ORIENTED_EDGE('',*,*,#1972,.T.);
#2167=CARTESIAN_POINT('',(86.535486245,29.664822963,30.));
#2168=DIRECTION('',(0.,0.,1.));
#2169=VECTOR('',#2168,3.);
#2170=LINE('',#2167,#2169);
#2171=EDGE_CURVE('',#1017,#1960,#2170,.T.);
#2172=ORIENTED_EDGE('',*,*,#2171,.F.);
#2173=ORIENTED_EDGE('',*,*,#1047,.F.);
#2174=ORIENTED_EDGE('',*,*,#2143,.T.);
#2175=EDGE_LOOP('',(#2166,#2172,#2173,#2174));
#2176=FACE_BOUND('',#2175,.T.);
#2177=ADVANCED_FACE('',(#2176),#2165,.F.);
#2178=CARTESIAN_POINT('',(86.535486245,47.531044978,30.));
#2179=DIRECTION('',(1.,0.,0.));
#2180=DIRECTION('',(-0.,1.,0.));
#2181=AXIS2_PLACEMENT_3D('',#2178,#2179,#2180);
#2182=PLANE('',#2181);
#2183=ORIENTED_EDGE('',*,*,#1965,.T.);
#2184=CARTESIAN_POINT('',(86.535486245,68.928202216,33.000000002));
#2185=CARTESIAN_POINT('',(86.535486245,65.397156695,30.000055536));
#2186=B_SPLINE_CURVE_WITH_KNOTS('',1,(#2184,#2185),.UNSPECIFIED.,.F.,.F.,(2,2),(0.,0.999989627),.UNSPECIFIED.);
#2187=EDGE_CURVE('',#1953,#1019,#2186,.T.);
#2188=ORIENTED_EDGE('',*,*,#2187,.T.);
#2189=ORIENTED_EDGE('',*,*,#1024,.F.);
#2190=ORIENTED_EDGE('',*,*,#2171,.T.);
#2191=EDGE_LOOP('',(#2183,#2188,#2189,#2190));
#2192=FACE_BOUND('',#2191,.T.);
#2193=ADVANCED_FACE('',(#2192),#2182,.F.);
#2194=CARTESIAN_POINT('',(101.535486245,33.445792318,30.));
#2195=CARTESIAN_POINT('',(101.535486245,33.445792318,33.));
#2196=CARTESIAN_POINT('',(101.886875479,33.922379674,30.));
#2197=CARTESIAN_POINT('',(101.886875479,33.922379674,33.));
#2198=CARTESIAN_POINT('',(102.220756953,34.425681126,30.));
#2199=CARTESIAN_POINT('',(102.220756953,34.425681126,33.));
#2200=CARTESIAN_POINT('',(102.535486245,34.953671375,30.));
#2201=CARTESIAN_POINT('',(102.535486245,34.953671375,33.));
#2202=B_SPLINE_SURFACE_WITH_KNOTS('',3,1,((#2194,#2195),(#2196,#2197),(#2198,#2199),(#2200,#2201)),.UNSPECIFIED.,.F.,.F.,.U.,(4,4),(2,2),(0.427157505,0.960954538),(0.,1.),.UNSPECIFIED.);
#2203=ORIENTED_EDGE('',*,*,#1938,.T.);
#2204=CARTESIAN_POINT('',(102.535486245,34.953671375,30.));
#2205=DIRECTION('',(0.,0.,1.));
#2206=VECTOR('',#2205,3.);
#2207=LINE('',#2204,#2206);
#2208=EDGE_CURVE('',#1189,#1926,#2207,.T.);
#2209=ORIENTED_EDGE('',*,*,#2208,.F.);
#2210=ORIENTED_EDGE('',*,*,#1195,.F.);
#2211=CARTESIAN_POINT('',(101.535486245,33.445792318,30.));
#2212=DIRECTION('',(0.,0.,1.));
#2213=VECTOR('',#2212,3.);
#2214=LINE('',#2211,#2213);
#2215=EDGE_CURVE('',#1181,#1911,#2214,.T.);
#2216=ORIENTED_EDGE('',*,*,#2215,.T.);
#2217=EDGE_LOOP('',(#2203,#2209,#2210,#2216));
#2218=FACE_BOUND('',#2217,.T.);
#2219=ADVANCED_FACE('',(#2218),#2202,.F.);
#2220=CARTESIAN_POINT('',(102.535486245,47.531044978,30.));
#2221=DIRECTION('',(1.,-0.,0.));
#2222=DIRECTION('',(0.,1.,0.));
#2223=AXIS2_PLACEMENT_3D('',#2220,#2221,#2222);
#2224=PLANE('',#2223);
#2225=ORIENTED_EDGE('',*,*,#1931,.T.);
#2226=CARTESIAN_POINT('',(102.535486245,65.315279172,32.999999999));
#2227=CARTESIAN_POINT('',(102.535486245,64.022937694,32.233073672));
#2228=CARTESIAN_POINT('',(102.535486245,62.731689256,31.464308455));
#2229=CARTESIAN_POINT('',(102.535486245,61.393700281,30.667715517));
#2230=CARTESIAN_POINT('',(102.535486245,60.107747112,30.000747028));
#2231=B_SPLINE_CURVE_WITH_KNOTS('',2,(#2226,#2227,#2228,#2229,#2230),.UNSPECIFIED.,.F.,.F.,(3,2,3),(0.,0.5,0.999956494),.UNSPECIFIED.);
#2232=EDGE_CURVE('',#1919,#1198,#2231,.T.);
#2233=ORIENTED_EDGE('',*,*,#2232,.T.);
#2234=ORIENTED_EDGE('',*,*,#1203,.F.);
#2235=ORIENTED_EDGE('',*,*,#2208,.T.);
#2236=EDGE_LOOP('',(#2225,#2233,#2234,#2235));
#2237=FACE_BOUND('',#2236,.T.);
#2238=ADVANCED_FACE('',(#2237),#2224,.F.);
#2239=CARTESIAN_POINT('',(101.535486245,47.531044978,30.));
#2240=DIRECTION('',(-1.,0.,0.));
#2241=DIRECTION('',(-0.,-1.,0.));
#2242=AXIS2_PLACEMENT_3D('',#2239,#2240,#2241);
#2243=PLANE('',#2242);
#2244=ORIENTED_EDGE('',*,*,#1916,.T.);
#2245=ORIENTED_EDGE('',*,*,#2215,.F.);
#2246=ORIENTED_EDGE('',*,*,#1186,.F.);
#2247=CARTESIAN_POINT('',(101.535486245,61.617502505,29.999328724));
#2248=CARTESIAN_POINT('',(101.535486245,66.671573871,32.999999998));
#2249=B_SPLINE_CURVE_WITH_KNOTS('',1,(#2247,#2248),.UNSPECIFIED.,.F.,.F.,(2,2),(0.,1.),.UNSPECIFIED.);
#2250=EDGE_CURVE('',#1179,#1909,#2249,.T.);
#2251=ORIENTED_EDGE('',*,*,#2250,.T.);
#2252=EDGE_LOOP('',(#2244,#2245,#2246,#2251));
#2253=FACE_BOUND('',#2252,.T.);
#2254=ADVANCED_FACE('',(#2253),#2243,.F.);
#2255=CARTESIAN_POINT('',(100.535486245,47.531044978,30.));
#2256=DIRECTION('',(1.,-0.,0.));
#2257=DIRECTION('',(0.,1.,0.));
#2258=AXIS2_PLACEMENT_3D('',#2255,#2256,#2257);
#2259=PLANE('',#2258);
#2260=ORIENTED_EDGE('',*,*,#1882,.T.);
#2261=CARTESIAN_POINT('',(100.535486245,62.847815512,30.));
#2262=DIRECTION('',(0.,0.,1.));
#2263=VECTOR('',#2262,3.);
#2264=LINE('',#2261,#2263);
#2265=EDGE_CURVE('',#1232,#1877,#2264,.T.);
#2266=ORIENTED_EDGE('',*,*,#2265,.F.);
#2267=ORIENTED_EDGE('',*,*,#1237,.F.);
#2268=CARTESIAN_POINT('',(100.535486245,32.214709822,30.00033456));
#2269=CARTESIAN_POINT('',(100.535486245,31.152115025,30.714197178));
#2270=CARTESIAN_POINT('',(100.535486245,30.108668456,31.476840578));
#2271=CARTESIAN_POINT('',(100.535486245,29.07017257,32.235865579));
#2272=CARTESIAN_POINT('',(100.535486245,28.035430456,33.));
#2273=B_SPLINE_CURVE_WITH_KNOTS('',2,(#2268,#2269,#2270,#2271,#2272),.UNSPECIFIED.,.F.,.F.,(3,2,3),(0.000034141,0.5,1.),.UNSPECIFIED.);
#2274=EDGE_CURVE('',#1224,#1875,#2273,.T.);
#2275=ORIENTED_EDGE('',*,*,#2274,.T.);
#2276=EDGE_LOOP('',(#2260,#2266,#2267,#2275));
#2277=FACE_BOUND('',#2276,.T.);
#2278=ADVANCED_FACE('',(#2277),#2259,.F.);
#2279=CARTESIAN_POINT('',(100.535486245,62.847815512,30.));
#2280=CARTESIAN_POINT('',(100.535486245,62.847815512,33.));
#2281=CARTESIAN_POINT('',(100.212534784,63.208470152,30.));
#2282=CARTESIAN_POINT('',(100.212534784,63.208470152,33.));
#2283=CARTESIAN_POINT('',(99.878833311,63.5479623,30.));
#2284=CARTESIAN_POINT('',(99.878833311,63.5479623,33.));
#2285=CARTESIAN_POINT('',(99.535486245,63.865424342,30.));
#2286=CARTESIAN_POINT('',(99.535486245,63.865424342,33.));
#2287=B_SPLINE_SURFACE_WITH_KNOTS('',3,1,((#2279,#2280),(#2281,#2282),(#2283,#2284),(#2285,#2286)),.UNSPECIFIED.,.F.,.F.,.U.,(4,4),(2,2),(0.067505623,0.594193004),(0.,1.),.UNSPECIFIED.);
#2288=ORIENTED_EDGE('',*,*,#1904,.T.);
#2289=CARTESIAN_POINT('',(99.535486245,63.865424342,30.));
#2290=DIRECTION('',(0.,0.,1.));
#2291=VECTOR('',#2290,3.);
#2292=LINE('',#2289,#2291);
#2293=EDGE_CURVE('',#1214,#1892,#2292,.T.);
#2294=ORIENTED_EDGE('',*,*,#2293,.F.);
#2295=ORIENTED_EDGE('',*,*,#1244,.F.);
#2296=ORIENTED_EDGE('',*,*,#2265,.T.);
#2297=EDGE_LOOP('',(#2288,#2294,#2295,#2296));
#2298=FACE_BOUND('',#2297,.T.);
#2299=ADVANCED_FACE('',(#2298),#2287,.F.);
#2300=CARTESIAN_POINT('',(99.535486245,47.531044978,30.));
#2301=DIRECTION('',(-1.,0.,0.));
#2302=DIRECTION('',(-0.,-1.,0.));
#2303=AXIS2_PLACEMENT_3D('',#2300,#2301,#2302);
#2304=PLANE('',#2303);
#2305=ORIENTED_EDGE('',*,*,#1897,.T.);
#2306=CARTESIAN_POINT('',(99.535486245,27.110820718,33.));
#2307=CARTESIAN_POINT('',(99.535486245,31.1959585,29.999774442));
#2308=B_SPLINE_CURVE_WITH_KNOTS('',1,(#2306,#2307),.UNSPECIFIED.,.F.,.F.,(2,2),(0.,1.),.UNSPECIFIED.);
#2309=EDGE_CURVE('',#1885,#1216,#2308,.T.);
#2310=ORIENTED_EDGE('',*,*,#2309,.T.);
#2311=ORIENTED_EDGE('',*,*,#1221,.F.);
#2312=ORIENTED_EDGE('',*,*,#2293,.T.);
#2313=EDGE_LOOP('',(#2305,#2310,#2311,#2312));
#2314=FACE_BOUND('',#2313,.T.);
#2315=ADVANCED_FACE('',(#2314),#2304,.F.);
#2316=CARTESIAN_POINT('',(81.535486245,47.531044978,30.));
#2317=DIRECTION('',(-1.,-0.,0.));
#2318=DIRECTION('',(0.,-1.,0.));
#2319=AXIS2_PLACEMENT_3D('',#2316,#2317,#2318);
#2320=PLANE('',#2319);
#2321=ORIENTED_EDGE('',*,*,#1848,.T.);
#2322=CARTESIAN_POINT('',(81.535486245,34.953671375,30.));
#2323=DIRECTION('',(0.,0.,1.));
#2324=VECTOR('',#2323,3.);
#2325=LINE('',#2322,#2324);
#2326=EDGE_CURVE('',#1070,#1843,#2325,.T.);
#2327=ORIENTED_EDGE('',*,*,#2326,.F.);
#2328=ORIENTED_EDGE('',*,*,#1075,.F.);
#2329=CARTESIAN_POINT('',(81.535486245,60.107747114,30.000747029));
#2330=CARTESIAN_POINT('',(81.535486245,61.366297607,30.653503316));
#2331=CARTESIAN_POINT('',(81.535486245,62.731657692,31.464289711));
#2332=CARTESIAN_POINT('',(81.535486245,64.023795411,32.231594757));
#2333=CARTESIAN_POINT('',(81.535486245,65.315279172,32.999999999));
#2334=B_SPLINE_CURVE_WITH_KNOTS('',2,(#2329,#2330,#2331,#2332,#2333),.UNSPECIFIED.,.F.,.F.,(3,2,3),(0.000044454,0.5,1.),.UNSPECIFIED.);
#2335=EDGE_CURVE('',#1062,#1841,#2334,.T.);
#2336=ORIENTED_EDGE('',*,*,#2335,.T.);
#2337=EDGE_LOOP('',(#2321,#2327,#2328,#2336));
#2338=FACE_BOUND('',#2337,.T.);
#2339=ADVANCED_FACE('',(#2338),#2320,.F.);
#2340=CARTESIAN_POINT('',(81.535486245,34.953671375,30.));
#2341=CARTESIAN_POINT('',(81.535486245,34.953671375,33.));
#2342=CARTESIAN_POINT('',(81.850215537,34.425681126,30.));
#2343=CARTESIAN_POINT('',(81.850215537,34.425681126,33.));
#2344=CARTESIAN_POINT('',(82.184097011,33.922379674,30.));
#2345=CARTESIAN_POINT('',(82.184097011,33.922379674,33.));
#2346=CARTESIAN_POINT('',(82.535486245,33.445792318,30.));
#2347=CARTESIAN_POINT('',(82.535486245,33.445792318,33.));
#2348=B_SPLINE_SURFACE_WITH_KNOTS('',3,1,((#2340,#2341),(#2342,#2343),(#2344,#2345),(#2346,#2347)),.UNSPECIFIED.,.F.,.F.,.U.,(4,4),(2,2),(0.039045462,0.572842495),(0.,1.),.UNSPECIFIED.);
#2349=ORIENTED_EDGE('',*,*,#1870,.T.);
#2350=CARTESIAN_POINT('',(82.535486245,33.445792318,30.));
#2351=DIRECTION('',(0.,0.,1.));
#2352=VECTOR('',#2351,3.);
#2353=LINE('',#2350,#2352);
#2354=EDGE_CURVE('',#1052,#1858,#2353,.T.);
#2355=ORIENTED_EDGE('',*,*,#2354,.F.);
#2356=ORIENTED_EDGE('',*,*,#1082,.F.);
#2357=ORIENTED_EDGE('',*,*,#2326,.T.);
#2358=EDGE_LOOP('',(#2349,#2355,#2356,#2357));
#2359=FACE_BOUND('',#2358,.T.);
#2360=ADVANCED_FACE('',(#2359),#2348,.F.);
#2361=CARTESIAN_POINT('',(82.535486245,47.531044978,30.));
#2362=DIRECTION('',(1.,0.,0.));
#2363=DIRECTION('',(-0.,1.,0.));
#2364=AXIS2_PLACEMENT_3D('',#2361,#2362,#2363);
#2365=PLANE('',#2364);
#2366=ORIENTED_EDGE('',*,*,#1863,.T.);
#2367=CARTESIAN_POINT('',(82.535486245,66.671573871,32.999999998));
#2368=CARTESIAN_POINT('',(82.535486245,61.617502505,29.999328724));
#2369=B_SPLINE_CURVE_WITH_KNOTS('',1,(#2367,#2368),.UNSPECIFIED.,.F.,.F.,(2,2),(0.,1.),.UNSPECIFIED.);
#2370=EDGE_CURVE('',#1851,#1054,#2369,.T.);
#2371=ORIENTED_EDGE('',*,*,#2370,.T.);
#2372=ORIENTED_EDGE('',*,*,#1059,.F.);
#2373=ORIENTED_EDGE('',*,*,#2354,.T.);
#2374=EDGE_LOOP('',(#2366,#2371,#2372,#2373));
#2375=FACE_BOUND('',#2374,.T.);
#2376=ADVANCED_FACE('',(#2375),#2365,.F.);
#2377=CARTESIAN_POINT('',(97.535486245,29.664822962,30.));
#2378=CARTESIAN_POINT('',(97.535486245,29.664822962,33.));
#2379=CARTESIAN_POINT('',(97.87474436,29.87540312,30.));
#2380=CARTESIAN_POINT('',(97.87474436,29.87540312,33.));
#2381=CARTESIAN_POINT('',(98.208345683,30.105619525,30.));
#2382=CARTESIAN_POINT('',(98.208345683,30.105619525,33.));
#2383=CARTESIAN_POINT('',(98.535486245,30.355092669,30.));
#2384=CARTESIAN_POINT('',(98.535486245,30.355092669,33.));
#2385=B_SPLINE_SURFACE_WITH_KNOTS('',3,1,((#2377,#2378),(#2379,#2380),(#2381,#2382),(#2383,#2384)),.UNSPECIFIED.,.F.,.F.,.U.,(4,4),(2,2),(0.373471853,0.898192075),(0.,1.),.UNSPECIFIED.);
#2386=ORIENTED_EDGE('',*,*,#1836,.T.);
#2387=CARTESIAN_POINT('',(98.535486245,30.355092669,30.));
#2388=DIRECTION('',(0.,0.,1.));
#2389=VECTOR('',#2388,3.);
#2390=LINE('',#2387,#2389);
#2391=EDGE_CURVE('',#1259,#1824,#2390,.T.);
#2392=ORIENTED_EDGE('',*,*,#2391,.F.);
#2393=ORIENTED_EDGE('',*,*,#1265,.F.);
#2394=CARTESIAN_POINT('',(97.535486245,29.664822962,30.));
#2395=DIRECTION('',(0.,0.,1.));
#2396=VECTOR('',#2395,3.);
#2397=LINE('',#2394,#2396);
#2398=EDGE_CURVE('',#1251,#1809,#2397,.T.);
#2399=ORIENTED_EDGE('',*,*,#2398,.T.);
#2400=EDGE_LOOP('',(#2386,#2392,#2393,#2399));
#2401=FACE_BOUND('',#2400,.T.);
#2402=ADVANCED_FACE('',(#2401),#2385,.F.);
#2403=CARTESIAN_POINT('',(98.535486245,47.531044978,30.));
#2404=DIRECTION('',(1.,-0.,0.));
#2405=DIRECTION('',(0.,1.,0.));
#2406=AXIS2_PLACEMENT_3D('',#2403,#2404,#2405);
#2407=PLANE('',#2406);
#2408=ORIENTED_EDGE('',*,*,#1829,.T.);
#2409=CARTESIAN_POINT('',(98.535486245,68.307494416,33.));
#2410=CARTESIAN_POINT('',(98.535486245,66.444151058,31.416841509));
#2411=CARTESIAN_POINT('',(98.535486245,65.920122638,30.984012913));
#2412=CARTESIAN_POINT('',(98.535486245,65.373079923,30.532175338));
#2413=CARTESIAN_POINT('',(98.535486245,64.706720407,30.000157516));
#2414=B_SPLINE_CURVE_WITH_KNOTS('',2,(#2409,#2410,#2411,#2412,#2413),.UNSPECIFIED.,.F.,.F.,(3,2,3),(0.,0.666666667,0.999976918),.UNSPECIFIED.);
#2415=EDGE_CURVE('',#1817,#1268,#2414,.T.);
#2416=ORIENTED_EDGE('',*,*,#2415,.T.);
#2417=ORIENTED_EDGE('',*,*,#1273,.F.);
#2418=ORIENTED_EDGE('',*,*,#2391,.T.);
#2419=EDGE_LOOP('',(#2408,#2416,#2417,#2418));
#2420=FACE_BOUND('',#2419,.T.);
#2421=ADVANCED_FACE('',(#2420),#2407,.F.);
#2422=CARTESIAN_POINT('',(97.535486245,47.531044978,30.));
#2423=DIRECTION('',(-1.,0.,0.));
#2424=DIRECTION('',(-0.,-1.,0.));
#2425=AXIS2_PLACEMENT_3D('',#2422,#2423,#2424);
#2426=PLANE('',#2425);
#2427=ORIENTED_EDGE('',*,*,#1814,.T.);
#2428=ORIENTED_EDGE('',*,*,#2398,.F.);
#2429=ORIENTED_EDGE('',*,*,#1256,.F.);
#2430=CARTESIAN_POINT('',(97.535486245,65.39715671,30.000055549));
#2431=CARTESIAN_POINT('',(97.535486245,68.928202216,33.000000002));
#2432=B_SPLINE_CURVE_WITH_KNOTS('',1,(#2430,#2431),.UNSPECIFIED.,.F.,.F.,(2,2),(0.000010377,1.),.UNSPECIFIED.);
#2433=EDGE_CURVE('',#1249,#1807,#2432,.T.);
#2434=ORIENTED_EDGE('',*,*,#2433,.T.);
#2435=EDGE_LOOP('',(#2427,#2428,#2429,#2434));
#2436=FACE_BOUND('',#2435,.T.);
#2437=ADVANCED_FACE('',(#2436),#2426,.F.);
#2438=CARTESIAN_POINT('',(89.535486245,47.531044978,30.));
#2439=DIRECTION('',(-1.,0.,0.));
#2440=DIRECTION('',(0.,0.,1.));
#2441=AXIS2_PLACEMENT_3D('',#2438,#2439,#2440);
#2442=PLANE('',#2441);
#2443=ORIENTED_EDGE('',*,*,#1780,.T.);
#2444=CARTESIAN_POINT('',(89.535486245,28.357433362,30.));
#2445=DIRECTION('',(0.,0.,1.));
#2446=VECTOR('',#2445,3.);
#2447=LINE('',#2444,#2446);
#2448=EDGE_CURVE('',#1302,#1775,#2447,.T.);
#2449=ORIENTED_EDGE('',*,*,#2448,.F.);
#2450=ORIENTED_EDGE('',*,*,#1307,.F.);
#2451=CARTESIAN_POINT('',(89.535486245,66.704451943,30.000074582));
#2452=CARTESIAN_POINT('',(89.535486245,69.781921877,33.));
#2453=B_SPLINE_CURVE_WITH_KNOTS('',1,(#2451,#2452),.UNSPECIFIED.,.F.,.F.,(2,2),(0.000021984,1.),.UNSPECIFIED.);
#2454=EDGE_CURVE('',#1294,#1773,#2453,.T.);
#2455=ORIENTED_EDGE('',*,*,#2454,.T.);
#2456=EDGE_LOOP('',(#2443,#2449,#2450,#2455));
#2457=FACE_BOUND('',#2456,.T.);
#2458=ADVANCED_FACE('',(#2457),#2442,.F.);
#2459=CARTESIAN_POINT('',(89.535486245,28.357433362,30.));
#2460=CARTESIAN_POINT('',(89.535486245,28.357433362,33.));
#2461=CARTESIAN_POINT('',(89.867181507,28.270098585,30.));
#2462=CARTESIAN_POINT('',(89.867181507,28.270098585,33.));
#2463=CARTESIAN_POINT('',(90.200665848,28.200250289,30.));
#2464=CARTESIAN_POINT('',(90.200665848,28.200250289,33.));
#2465=CARTESIAN_POINT('',(90.535486245,28.14792192,30.));
#2466=CARTESIAN_POINT('',(90.535486245,28.14792192,33.));
#2467=B_SPLINE_SURFACE_WITH_KNOTS('',3,1,((#2459,#2460),(#2461,#2462),(#2463,#2464),(#2465,#2466)),.UNSPECIFIED.,.F.,.F.,.U.,(4,4),(2,2),(0.18798535,0.71336739),(0.,1.),.UNSPECIFIED.);
#2468=ORIENTED_EDGE('',*,*,#1802,.T.);
#2469=CARTESIAN_POINT('',(90.535486245,28.14792192,30.));
#2470=DIRECTION('',(0.,0.,1.));
#2471=VECTOR('',#2470,3.);
#2472=LINE('',#2469,#2471);
#2473=EDGE_CURVE('',#1284,#1790,#2472,.T.);
#2474=ORIENTED_EDGE('',*,*,#2473,.F.);
#2475=ORIENTED_EDGE('',*,*,#1314,.F.);
#2476=ORIENTED_EDGE('',*,*,#2448,.T.);
#2477=EDGE_LOOP('',(#2468,#2474,#2475,#2476));
#2478=FACE_BOUND('',#2477,.T.);
#2479=ADVANCED_FACE('',(#2478),#2467,.F.);
#2480=CARTESIAN_POINT('',(90.535486245,47.531044978,30.));
#2481=DIRECTION('',(1.,0.,0.));
#2482=DIRECTION('',(0.,0.,-1.));
#2483=AXIS2_PLACEMENT_3D('',#2480,#2481,#2482);
#2484=PLANE('',#2483);
#2485=ORIENTED_EDGE('',*,*,#1795,.T.);
#2486=CARTESIAN_POINT('',(90.535486245,69.950704448,33.));
#2487=CARTESIAN_POINT('',(90.535486245,66.914864644,29.999990884));
#2488=B_SPLINE_CURVE_WITH_KNOTS('',1,(#2486,#2487),.UNSPECIFIED.,.F.,.F.,(2,2),(0.,1.),.UNSPECIFIED.);
#2489=EDGE_CURVE('',#1783,#1286,#2488,.T.);
#2490=ORIENTED_EDGE('',*,*,#2489,.T.);
#2491=ORIENTED_EDGE('',*,*,#1291,.F.);
#2492=ORIENTED_EDGE('',*,*,#2473,.T.);
#2493=EDGE_LOOP('',(#2485,#2490,#2491,#2492));
#2494=FACE_BOUND('',#2493,.T.);
#2495=ADVANCED_FACE('',(#2494),#2484,.F.);
#2496=CARTESIAN_POINT('',(96.535486245,47.531044978,30.));
#2497=DIRECTION('',(1.,-0.,0.));
#2498=DIRECTION('',(0.,1.,0.));
#2499=AXIS2_PLACEMENT_3D('',#2496,#2497,#2498);
#2500=PLANE('',#2499);
#2501=ORIENTED_EDGE('',*,*,#1746,.T.);
#2502=CARTESIAN_POINT('',(96.535486245,65.953061459,30.));
#2503=DIRECTION('',(0.,0.,1.));
#2504=VECTOR('',#2503,3.);
#2505=LINE('',#2502,#2504);
#2506=EDGE_CURVE('',#1337,#1741,#2505,.T.);
#2507=ORIENTED_EDGE('',*,*,#2506,.F.);
#2508=ORIENTED_EDGE('',*,*,#1342,.F.);
#2509=CARTESIAN_POINT('',(96.535486245,29.109171233,30.000063123));
#2510=CARTESIAN_POINT('',(96.535486245,27.653556742,31.308252541));
#2511=CARTESIAN_POINT('',(96.535486245,25.846968482,33.000000002));
#2512=B_SPLINE_CURVE_WITH_KNOTS('',2,(#2509,#2510,#2511),.UNSPECIFIED.,.F.,.F.,(3,3),(0.000016343,1.),.UNSPECIFIED.);
#2513=EDGE_CURVE('',#1329,#1739,#2512,.T.);
#2514=ORIENTED_EDGE('',*,*,#2513,.T.);
#2515=EDGE_LOOP('',(#2501,#2507,#2508,#2514));
#2516=FACE_BOUND('',#2515,.T.);
#2517=ADVANCED_FACE('',(#2516),#2500,.F.);
#2518=CARTESIAN_POINT('',(96.535486245,65.953061459,30.));
#2519=CARTESIAN_POINT('',(96.535486245,65.953061459,33.));
#2520=CARTESIAN_POINT('',(96.205698568,66.11559012,30.));
#2521=CARTESIAN_POINT('',(96.205698568,66.11559012,33.));
#2522=CARTESIAN_POINT('',(95.872167272,66.259995149,30.));
#2523=CARTESIAN_POINT('',(95.872167272,66.259995149,33.));
#2524=CARTESIAN_POINT('',(95.535486245,66.3861378,30.));
#2525=CARTESIAN_POINT('',(95.535486245,66.3861378,33.));
#2526=B_SPLINE_SURFACE_WITH_KNOTS('',3,1,((#2518,#2519),(#2520,#2521),(#2522,#2523),(#2524,#2525)),.UNSPECIFIED.,.F.,.F.,.U.,(4,4),(2,2),(0.142207764,0.666972882),(0.,1.),.UNSPECIFIED.);
#2527=ORIENTED_EDGE('',*,*,#1768,.T.);
#2528=CARTESIAN_POINT('',(95.535486245,66.3861378,30.));
#2529=DIRECTION('',(0.,0.,1.));
#2530=VECTOR('',#2529,3.);
#2531=LINE('',#2528,#2530);
#2532=EDGE_CURVE('',#1319,#1756,#2531,.T.);
#2533=ORIENTED_EDGE('',*,*,#2532,.F.);
#2534=ORIENTED_EDGE('',*,*,#1349,.F.);
#2535=ORIENTED_EDGE('',*,*,#2506,.T.);
#2536=EDGE_LOOP('',(#2527,#2533,#2534,#2535));
#2537=FACE_BOUND('',#2536,.T.);
#2538=ADVANCED_FACE('',(#2537),#2526,.F.);
#2539=CARTESIAN_POINT('',(95.535486245,47.531044978,30.));
#2540=DIRECTION('',(-1.,0.,0.));
#2541=DIRECTION('',(-0.,-1.,0.));
#2542=AXIS2_PLACEMENT_3D('',#2539,#2540,#2541);
#2543=PLANE('',#2542);
#2544=ORIENTED_EDGE('',*,*,#1761,.T.);
#2545=CARTESIAN_POINT('',(95.535486245,25.472303325,32.999999999));
#2546=CARTESIAN_POINT('',(95.535486245,28.675955829,30.000003922));
#2547=B_SPLINE_CURVE_WITH_KNOTS('',1,(#2545,#2546),.UNSPECIFIED.,.F.,.F.,(2,2),(0.,0.999998854),.UNSPECIFIED.);
#2548=EDGE_CURVE('',#1749,#1321,#2547,.T.);
#2549=ORIENTED_EDGE('',*,*,#2548,.T.);
#2550=ORIENTED_EDGE('',*,*,#1326,.F.);
#2551=ORIENTED_EDGE('',*,*,#2532,.T.);
#2552=EDGE_LOOP('',(#2544,#2549,#2550,#2551));
#2553=FACE_BOUND('',#2552,.T.);
#2554=ADVANCED_FACE('',(#2553),#2543,.F.);
#2555=CARTESIAN_POINT('',(92.535486245,67.018097199,30.));
#2556=CARTESIAN_POINT('',(92.535486245,67.018097199,33.));
#2557=CARTESIAN_POINT('',(92.202219798,67.035376159,30.));
#2558=CARTESIAN_POINT('',(92.202219798,67.035376159,33.));
#2559=CARTESIAN_POINT('',(91.868752692,67.035376159,30.));
#2560=CARTESIAN_POINT('',(91.868752692,67.035376159,33.));
#2561=CARTESIAN_POINT('',(91.535486245,67.018097199,30.));
#2562=CARTESIAN_POINT('',(91.535486245,67.018097199,33.));
#2563=B_SPLINE_SURFACE_WITH_KNOTS('',3,1,((#2555,#2556),(#2557,#2558),(#2559,#2560),(#2561,#2562)),.UNSPECIFIED.,.F.,.F.,.U.,(4,4),(2,2),(0.237152412,0.762847588),(0.,1.),.UNSPECIFIED.);
#2564=ORIENTED_EDGE('',*,*,#1734,.T.);
#2565=CARTESIAN_POINT('',(91.535486245,67.018097199,30.));
#2566=DIRECTION('',(0.,0.,1.));
#2567=VECTOR('',#2566,3.);
#2568=LINE('',#2565,#2567);
#2569=EDGE_CURVE('',#1364,#1722,#2568,.T.);
#2570=ORIENTED_EDGE('',*,*,#2569,.F.);
#2571=ORIENTED_EDGE('',*,*,#1370,.F.);
#2572=CARTESIAN_POINT('',(92.535486245,67.018097199,30.));
#2573=DIRECTION('',(0.,0.,1.));
#2574=VECTOR('',#2573,3.);
#2575=LINE('',#2572,#2574);
#2576=EDGE_CURVE('',#1356,#1707,#2575,.T.);
#2577=ORIENTED_EDGE('',*,*,#2576,.T.);
#2578=EDGE_LOOP('',(#2564,#2570,#2571,#2577));
#2579=FACE_BOUND('',#2578,.T.);
#2580=ADVANCED_FACE('',(#2579),#2563,.F.);
#2581=CARTESIAN_POINT('',(91.535486245,47.531044978,30.));
#2582=DIRECTION('',(-1.,0.,0.));
#2583=DIRECTION('',(-0.,-1.,0.));
#2584=AXIS2_PLACEMENT_3D('',#2581,#2582,#2583);
#2585=PLANE('',#2584);
#2586=ORIENTED_EDGE('',*,*,#1727,.T.);
#2587=CARTESIAN_POINT('',(91.535486245,25.043133611,33.));
#2588=CARTESIAN_POINT('',(91.535486245,28.044171948,30.000059883));
#2589=B_SPLINE_CURVE_WITH_KNOTS('',1,(#2587,#2588),.UNSPECIFIED.,.F.,.F.,(2,2),(0.,0.999980112),.UNSPECIFIED.);
#2590=EDGE_CURVE('',#1715,#1373,#2589,.T.);
#2591=ORIENTED_EDGE('',*,*,#2590,.T.);
#2592=ORIENTED_EDGE('',*,*,#1378,.F.);
#2593=ORIENTED_EDGE('',*,*,#2569,.T.);
#2594=EDGE_LOOP('',(#2586,#2591,#2592,#2593));
#2595=FACE_BOUND('',#2594,.T.);
#2596=ADVANCED_FACE('',(#2595),#2585,.F.);
#2597=CARTESIAN_POINT('',(92.535486245,47.531044978,30.));
#2598=DIRECTION('',(1.,-0.,0.));
#2599=DIRECTION('',(0.,1.,0.));
#2600=AXIS2_PLACEMENT_3D('',#2597,#2598,#2599);
#2601=PLANE('',#2600);
#2602=ORIENTED_EDGE('',*,*,#1712,.T.);
#2603=ORIENTED_EDGE('',*,*,#2576,.F.);
#2604=ORIENTED_EDGE('',*,*,#1361,.F.);
#2605=CARTESIAN_POINT('',(92.535486245,28.044171948,30.000059883));
#2606=CARTESIAN_POINT('',(92.535486245,25.043133611,33.));
#2607=B_SPLINE_CURVE_WITH_KNOTS('',1,(#2605,#2606),.UNSPECIFIED.,.F.,.F.,(2,2),(0.000019888,1.),.UNSPECIFIED.);
#2608=EDGE_CURVE('',#1354,#1705,#2607,.T.);
#2609=ORIENTED_EDGE('',*,*,#2608,.T.);
#2610=EDGE_LOOP('',(#2602,#2603,#2604,#2609));
#2611=FACE_BOUND('',#2610,.T.);
#2612=ADVANCED_FACE('',(#2611),#2601,.F.);
#2613=CARTESIAN_POINT('',(88.535486245,66.3861378,30.));
#2614=CARTESIAN_POINT('',(88.535486245,66.3861378,33.));
#2615=CARTESIAN_POINT('',(88.198805218,66.259995149,30.));
#2616=CARTESIAN_POINT('',(88.198805218,66.259995149,33.));
#2617=CARTESIAN_POINT('',(87.865273922,66.115590121,30.));
#2618=CARTESIAN_POINT('',(87.865273922,66.115590121,33.));
#2619=CARTESIAN_POINT('',(87.535486245,65.953061459,30.));
#2620=CARTESIAN_POINT('',(87.535486245,65.953061459,33.));
#2621=B_SPLINE_SURFACE_WITH_KNOTS('',3,1,((#2613,#2614),(#2615,#2616),(#2617,#2618),(#2619,#2620)),.UNSPECIFIED.,.F.,.F.,.U.,(4,4),(2,2),(0.333027118,0.857792236),(0.,1.),.UNSPECIFIED.);
#2622=ORIENTED_EDGE('',*,*,#1700,.T.);
#2623=CARTESIAN_POINT('',(87.535486245,65.953061459,30.));
#2624=DIRECTION('',(0.,0.,1.));
#2625=VECTOR('',#2624,3.);
#2626=LINE('',#2623,#2625);
#2627=EDGE_CURVE('',#790,#1688,#2626,.T.);
#2628=ORIENTED_EDGE('',*,*,#2627,.F.);
#2629=ORIENTED_EDGE('',*,*,#796,.F.);
#2630=CARTESIAN_POINT('',(88.535486245,66.3861378,30.));
#2631=DIRECTION('',(0.,0.,1.));
#2632=VECTOR('',#2631,3.);
#2633=LINE('',#2630,#2632);
#2634=EDGE_CURVE('',#788,#1673,#2633,.T.);
#2635=ORIENTED_EDGE('',*,*,#2634,.T.);
#2636=EDGE_LOOP('',(#2622,#2628,#2629,#2635));
#2637=FACE_BOUND('',#2636,.T.);
#2638=ADVANCED_FACE('',(#2637),#2621,.F.);
#2639=CARTESIAN_POINT('',(87.535486245,47.531044978,30.));
#2640=DIRECTION('',(-1.,-0.,0.));
#2641=DIRECTION('',(0.,-1.,0.));
#2642=AXIS2_PLACEMENT_3D('',#2639,#2640,#2641);
#2643=PLANE('',#2642);
#2644=ORIENTED_EDGE('',*,*,#2627,.T.);
#2645=ORIENTED_EDGE('',*,*,#1693,.T.);
#2646=CARTESIAN_POINT('',(87.535486245,25.846968482,33.000000002));
#2647=CARTESIAN_POINT('',(87.535486245,27.653556742,31.308252541));
#2648=CARTESIAN_POINT('',(87.535486245,29.109171233,30.000063123));
#2649=B_SPLINE_CURVE_WITH_KNOTS('',2,(#2646,#2647,#2648),.UNSPECIFIED.,.F.,.F.,(3,3),(0.,0.999983657),.UNSPECIFIED.);
#2650=EDGE_CURVE('',#1681,#799,#2649,.T.);
#2651=ORIENTED_EDGE('',*,*,#2650,.T.);
#2652=ORIENTED_EDGE('',*,*,#804,.F.);
#2653=EDGE_LOOP('',(#2644,#2645,#2651,#2652));
#2654=FACE_BOUND('',#2653,.T.);
#2655=ADVANCED_FACE('',(#2654),#2643,.F.);
#2656=CARTESIAN_POINT('',(88.535486245,47.531044978,30.));
#2657=DIRECTION('',(1.,0.,0.));
#2658=DIRECTION('',(-0.,1.,0.));
#2659=AXIS2_PLACEMENT_3D('',#2656,#2657,#2658);
#2660=PLANE('',#2659);
#2661=ORIENTED_EDGE('',*,*,#1678,.T.);
#2662=ORIENTED_EDGE('',*,*,#2634,.F.);
#2663=ORIENTED_EDGE('',*,*,#818,.F.);
#2664=CARTESIAN_POINT('',(88.535486245,28.675955829,30.000003922));
#2665=CARTESIAN_POINT('',(88.535486245,25.472303326,32.999999999));
#2666=B_SPLINE_CURVE_WITH_KNOTS('',1,(#2664,#2665),.UNSPECIFIED.,.F.,.F.,(2,2),(0.000001146,1.),.UNSPECIFIED.);
#2667=EDGE_CURVE('',#807,#1671,#2666,.T.);
#2668=ORIENTED_EDGE('',*,*,#2667,.T.);
#2669=EDGE_LOOP('',(#2661,#2662,#2663,#2668));
#2670=FACE_BOUND('',#2669,.T.);
#2671=ADVANCED_FACE('',(#2670),#2660,.F.);
#2672=CARTESIAN_POINT('',(84.535486245,63.865424342,30.));
#2673=CARTESIAN_POINT('',(84.535486245,63.865424342,33.));
#2674=CARTESIAN_POINT('',(84.192139179,63.547962301,30.));
#2675=CARTESIAN_POINT('',(84.192139179,63.547962301,33.));
#2676=CARTESIAN_POINT('',(83.858437706,63.208470153,30.));
#2677=CARTESIAN_POINT('',(83.858437706,63.208470153,33.));
#2678=CARTESIAN_POINT('',(83.535486245,62.847815512,30.));
#2679=CARTESIAN_POINT('',(83.535486245,62.847815512,33.));
#2680=B_SPLINE_SURFACE_WITH_KNOTS('',3,1,((#2672,#2673),(#2674,#2675),(#2676,#2677),(#2678,#2679)),.UNSPECIFIED.,.F.,.F.,.U.,(4,4),(2,2),(0.405806996,0.932494377),(0.,1.),.UNSPECIFIED.);
#2681=ORIENTED_EDGE('',*,*,#1666,.T.);
#2682=CARTESIAN_POINT('',(83.535486245,62.847815512,30.));
#2683=DIRECTION('',(0.,0.,1.));
#2684=VECTOR('',#2683,3.);
#2685=LINE('',#2682,#2684);
#2686=EDGE_CURVE('',#1097,#1654,#2685,.T.);
#2687=ORIENTED_EDGE('',*,*,#2686,.F.);
#2688=ORIENTED_EDGE('',*,*,#1103,.F.);
#2689=CARTESIAN_POINT('',(84.535486245,63.865424342,30.));
#2690=DIRECTION('',(0.,0.,1.));
#2691=VECTOR('',#2690,3.);
#2692=LINE('',#2689,#2691);
#2693=EDGE_CURVE('',#1089,#1639,#2692,.T.);
#2694=ORIENTED_EDGE('',*,*,#2693,.T.);
#2695=EDGE_LOOP('',(#2681,#2687,#2688,#2694));
#2696=FACE_BOUND('',#2695,.T.);
#2697=ADVANCED_FACE('',(#2696),#2680,.F.);
#2698=CARTESIAN_POINT('',(83.535486245,47.531044978,30.));
#2699=DIRECTION('',(-1.,-0.,0.));
#2700=DIRECTION('',(0.,-1.,0.));
#2701=AXIS2_PLACEMENT_3D('',#2698,#2699,#2700);
#2702=PLANE('',#2701);
#2703=ORIENTED_EDGE('',*,*,#1659,.T.);
#2704=CARTESIAN_POINT('',(83.535486245,28.035430456,33.));
#2705=CARTESIAN_POINT('',(83.535486245,29.072237915,32.238732146));
#2706=CARTESIAN_POINT('',(83.535486245,30.108615553,31.476879244));
#2707=CARTESIAN_POINT('',(83.535486245,31.082516214,30.760953874));
#2708=CARTESIAN_POINT('',(83.535486245,32.214709823,30.00033456));
#2709=B_SPLINE_CURVE_WITH_KNOTS('',2,(#2704,#2705,#2706,#2707,#2708),.UNSPECIFIED.,.F.,.F.,(3,2,3),(0.,0.5,0.999967958),.UNSPECIFIED.);
#2710=EDGE_CURVE('',#1647,#1106,#2709,.T.);
#2711=ORIENTED_EDGE('',*,*,#2710,.T.);
#2712=ORIENTED_EDGE('',*,*,#1111,.F.);
#2713=ORIENTED_EDGE('',*,*,#2686,.T.);
#2714=EDGE_LOOP('',(#2703,#2711,#2712,#2713));
#2715=FACE_BOUND('',#2714,.T.);
#2716=ADVANCED_FACE('',(#2715),#2702,.F.);
#2717=CARTESIAN_POINT('',(84.535486245,47.531044978,30.));
#2718=DIRECTION('',(1.,0.,0.));
#2719=DIRECTION('',(-0.,1.,0.));
#2720=AXIS2_PLACEMENT_3D('',#2717,#2718,#2719);
#2721=PLANE('',#2720);
#2722=ORIENTED_EDGE('',*,*,#1644,.T.);
#2723=ORIENTED_EDGE('',*,*,#2693,.F.);
#2724=ORIENTED_EDGE('',*,*,#1094,.F.);
#2725=CARTESIAN_POINT('',(84.535486245,31.1959585,29.999774442));
#2726=CARTESIAN_POINT('',(84.535486245,27.110820718,33.));
#2727=B_SPLINE_CURVE_WITH_KNOTS('',1,(#2725,#2726),.UNSPECIFIED.,.F.,.F.,(2,2),(0.,1.),.UNSPECIFIED.);
#2728=EDGE_CURVE('',#1087,#1637,#2727,.T.);
#2729=ORIENTED_EDGE('',*,*,#2728,.T.);
#2730=EDGE_LOOP('',(#2722,#2723,#2724,#2729));
#2731=FACE_BOUND('',#2730,.T.);
#2732=ADVANCED_FACE('',(#2731),#2721,.F.);
#2733=CARTESIAN_POINT('',(80.535486245,58.207968296,30.));
#2734=CARTESIAN_POINT('',(80.535486245,58.207968296,33.));
#2735=CARTESIAN_POINT('',(80.15790948,57.391300379,30.));
#2736=CARTESIAN_POINT('',(80.15790948,57.391300379,33.));
#2737=CARTESIAN_POINT('',(79.823432496,56.534229718,30.));
#2738=CARTESIAN_POINT('',(79.823432496,56.534229718,33.));
#2739=CARTESIAN_POINT('',(79.535486245,55.64392441,30.));
#2740=CARTESIAN_POINT('',(79.535486245,55.64392441,33.));
#2741=B_SPLINE_SURFACE_WITH_KNOTS('',3,1,((#2733,#2734),(#2735,#2736),(#2737,#2738),(#2739,#2740)),.UNSPECIFIED.,.F.,.F.,.U.,(4,4),(2,2),(0.424470697,0.98451973),(0.,1.),.UNSPECIFIED.);
#2742=ORIENTED_EDGE('',*,*,#1632,.T.);
#2743=CARTESIAN_POINT('',(79.535486245,55.64392441,30.));
#2744=DIRECTION('',(0.,0.,1.));
#2745=VECTOR('',#2744,3.);
#2746=LINE('',#2743,#2745);
#2747=EDGE_CURVE('',#1132,#1620,#2746,.T.);
#2748=ORIENTED_EDGE('',*,*,#2747,.F.);
#2749=ORIENTED_EDGE('',*,*,#1138,.F.);
#2750=CARTESIAN_POINT('',(80.535486245,58.207968296,30.));
#2751=DIRECTION('',(0.,0.,1.));
#2752=VECTOR('',#2751,3.);
#2753=LINE('',#2750,#2752);
#2754=EDGE_CURVE('',#1124,#1605,#2753,.T.);
#2755=ORIENTED_EDGE('',*,*,#2754,.T.);
#2756=EDGE_LOOP('',(#2742,#2748,#2749,#2755));
#2757=FACE_BOUND('',#2756,.T.);
#2758=ADVANCED_FACE('',(#2757),#2741,.F.);
#2759=CARTESIAN_POINT('',(79.535486245,47.531044978,30.));
#2760=DIRECTION('',(-1.,0.,0.));
#2761=DIRECTION('',(0.,0.,1.));
#2762=AXIS2_PLACEMENT_3D('',#2759,#2760,#2761);
#2763=PLANE('',#2762);
#2764=ORIENTED_EDGE('',*,*,#1625,.T.);
#2765=CARTESIAN_POINT('',(79.535486245,31.868336945,33.000000002));
#2766=CARTESIAN_POINT('',(79.535486245,33.742228927,32.213609034));
#2767=CARTESIAN_POINT('',(79.535486245,35.616120908,31.427218066));
#2768=CARTESIAN_POINT('',(79.535486245,36.946442318,30.868940027));
#2769=CARTESIAN_POINT('',(79.535486245,37.497189959,30.660088111));
#2770=CARTESIAN_POINT('',(79.535486245,38.419784306,30.310226247));
#2771=CARTESIAN_POINT('',(79.535486245,39.418252523,30.000177729));
#2772=B_SPLINE_CURVE_WITH_KNOTS('',2,(#2765,#2766,#2767,#2768,#2769,#2770,#2771),.UNSPECIFIED.,.F.,.F.,(3,2,2,3),(0.,0.5,0.75,0.99999637),.UNSPECIFIED.);
#2773=EDGE_CURVE('',#1613,#1141,#2772,.T.);
#2774=ORIENTED_EDGE('',*,*,#2773,.T.);
#2775=ORIENTED_EDGE('',*,*,#1146,.F.);
#2776=ORIENTED_EDGE('',*,*,#2747,.T.);
#2777=EDGE_LOOP('',(#2764,#2774,#2775,#2776));
#2778=FACE_BOUND('',#2777,.T.);
#2779=ADVANCED_FACE('',(#2778),#2763,.F.);
#2780=CARTESIAN_POINT('',(80.535486245,47.531044978,30.));
#2781=DIRECTION('',(1.,0.,0.));
#2782=DIRECTION('',(0.,0.,-1.));
#2783=AXIS2_PLACEMENT_3D('',#2780,#2781,#2782);
#2784=PLANE('',#2783);
#2785=ORIENTED_EDGE('',*,*,#1610,.T.);
#2786=ORIENTED_EDGE('',*,*,#2754,.F.);
#2787=ORIENTED_EDGE('',*,*,#1129,.F.);
#2788=CARTESIAN_POINT('',(80.535486245,36.854105567,29.999984141));
#2789=CARTESIAN_POINT('',(80.535486245,29.705418062,32.999999999));
#2790=B_SPLINE_CURVE_WITH_KNOTS('',1,(#2788,#2789),.UNSPECIFIED.,.F.,.F.,(2,2),(0.,1.),.UNSPECIFIED.);
#2791=EDGE_CURVE('',#1122,#1603,#2790,.T.);
#2792=ORIENTED_EDGE('',*,*,#2791,.T.);
#2793=EDGE_LOOP('',(#2785,#2786,#2787,#2792));
#2794=FACE_BOUND('',#2793,.T.);
#2795=ADVANCED_FACE('',(#2794),#2784,.F.);
#2796=CARTESIAN_POINT('',(104.535486245,47.531044978,30.));
#2797=DIRECTION('',(1.,-0.,0.));
#2798=DIRECTION('',(0.,1.,0.));
#2799=AXIS2_PLACEMENT_3D('',#2796,#2797,#2798);
#2800=PLANE('',#2799);
#2801=ORIENTED_EDGE('',*,*,#1576,.T.);
#2802=CARTESIAN_POINT('',(104.535486245,55.64392441,30.));
#2803=DIRECTION('',(0.,0.,1.));
#2804=VECTOR('',#2803,3.);
#2805=LINE('',#2802,#2804);
#2806=EDGE_CURVE('',#1407,#1571,#2805,.T.);
#2807=ORIENTED_EDGE('',*,*,#2806,.F.);
#2808=ORIENTED_EDGE('',*,*,#1412,.F.);
#2809=CARTESIAN_POINT('',(104.535486245,39.418252523,30.000177729));
#2810=CARTESIAN_POINT('',(104.535486245,38.419740077,30.310239981));
#2811=CARTESIAN_POINT('',(104.535486245,37.497100458,30.660122051));
#2812=CARTESIAN_POINT('',(104.535486245,36.946397472,30.868958847));
#2813=CARTESIAN_POINT('',(104.535486245,35.615656916,31.427412783));
#2814=CARTESIAN_POINT('',(104.535486245,32.791015601,32.612791898));
#2815=CARTESIAN_POINT('',(104.535486245,31.868336945,33.000000002));
#2816=B_SPLINE_CURVE_WITH_KNOTS('',2,(#2809,#2810,#2811,#2812,#2813,#2814,#2815),.UNSPECIFIED.,.F.,.F.,(3,2,2,3),(0.000003629,0.25,0.5,1.),.UNSPECIFIED.);
#2817=EDGE_CURVE('',#1399,#1569,#2816,.T.);
#2818=ORIENTED_EDGE('',*,*,#2817,.T.);
#2819=EDGE_LOOP('',(#2801,#2807,#2808,#2818));
#2820=FACE_BOUND('',#2819,.T.);
#2821=ADVANCED_FACE('',(#2820),#2800,.F.);
#2822=CARTESIAN_POINT('',(104.535486245,55.64392441,30.));
#2823=CARTESIAN_POINT('',(104.535486245,55.64392441,33.));
#2824=CARTESIAN_POINT('',(104.247539994,56.534229717,30.));
#2825=CARTESIAN_POINT('',(104.247539994,56.534229717,33.));
#2826=CARTESIAN_POINT('',(103.91306301,57.391300379,30.));
#2827=CARTESIAN_POINT('',(103.91306301,57.391300379,33.));
#2828=CARTESIAN_POINT('',(103.535486245,58.207968296,30.));
#2829=CARTESIAN_POINT('',(103.535486245,58.207968296,33.));
#2830=B_SPLINE_SURFACE_WITH_KNOTS('',3,1,((#2822,#2823),(#2824,#2825),(#2826,#2827),(#2828,#2829)),.UNSPECIFIED.,.F.,.F.,.U.,(4,4),(2,2),(0.01548027,0.575529303),(0.,1.),.UNSPECIFIED.);
#2831=ORIENTED_EDGE('',*,*,#1598,.T.);
#2832=CARTESIAN_POINT('',(103.535486245,58.207968296,30.));
#2833=DIRECTION('',(0.,0.,1.));
#2834=VECTOR('',#2833,3.);
#2835=LINE('',#2832,#2834);
#2836=EDGE_CURVE('',#1389,#1586,#2835,.T.);
#2837=ORIENTED_EDGE('',*,*,#2836,.F.);
#2838=ORIENTED_EDGE('',*,*,#1419,.F.);
#2839=ORIENTED_EDGE('',*,*,#2806,.T.);
#2840=EDGE_LOOP('',(#2831,#2837,#2838,#2839));
#2841=FACE_BOUND('',#2840,.T.);
#2842=ADVANCED_FACE('',(#2841),#2830,.F.);
#2843=CARTESIAN_POINT('',(103.535486245,47.531044978,30.));
#2844=DIRECTION('',(-1.,0.,0.));
#2845=DIRECTION('',(-0.,-1.,0.));
#2846=AXIS2_PLACEMENT_3D('',#2843,#2844,#2845);
#2847=PLANE('',#2846);
#2848=ORIENTED_EDGE('',*,*,#1591,.T.);
#2849=CARTESIAN_POINT('',(103.535486245,29.705418062,32.999999999));
#2850=CARTESIAN_POINT('',(103.535486245,36.854105567,29.999984141));
#2851=B_SPLINE_CURVE_WITH_KNOTS('',1,(#2849,#2850),.UNSPECIFIED.,.F.,.F.,(2,2),(0.,1.),.UNSPECIFIED.);
#2852=EDGE_CURVE('',#1579,#1391,#2851,.T.);
#2853=ORIENTED_EDGE('',*,*,#2852,.T.);
#2854=ORIENTED_EDGE('',*,*,#1396,.F.);
#2855=ORIENTED_EDGE('',*,*,#2836,.T.);
#2856=EDGE_LOOP('',(#2848,#2853,#2854,#2855));
#2857=FACE_BOUND('',#2856,.T.);
#2858=ADVANCED_FACE('',(#2857),#2847,.F.);
#2859=CARTESIAN_POINT('',(93.535486245,28.14792192,30.));
#2860=CARTESIAN_POINT('',(93.535486245,28.14792192,33.));
#2861=CARTESIAN_POINT('',(93.870306642,28.200250289,30.));
#2862=CARTESIAN_POINT('',(93.870306642,28.200250289,33.));
#2863=CARTESIAN_POINT('',(94.203790983,28.270098585,30.));
#2864=CARTESIAN_POINT('',(94.203790983,28.270098585,33.));
#2865=CARTESIAN_POINT('',(94.535486245,28.357433362,30.));
#2866=CARTESIAN_POINT('',(94.535486245,28.357433362,33.));
#2867=B_SPLINE_SURFACE_WITH_KNOTS('',3,1,((#2859,#2860),(#2861,#2862),(#2863,#2864),(#2865,#2866)),.UNSPECIFIED.,.F.,.F.,.U.,(4,4),(2,2),(0.28663261,0.81201465),(0.,1.),.UNSPECIFIED.);
#2868=ORIENTED_EDGE('',*,*,#1564,.T.);
#2869=CARTESIAN_POINT('',(94.535486245,28.357433362,30.));
#2870=DIRECTION('',(0.,0.,1.));
#2871=VECTOR('',#2870,3.);
#2872=LINE('',#2869,#2871);
#2873=EDGE_CURVE('',#1434,#1552,#2872,.T.);
#2874=ORIENTED_EDGE('',*,*,#2873,.F.);
#2875=ORIENTED_EDGE('',*,*,#1440,.F.);
#2876=CARTESIAN_POINT('',(93.535486245,28.14792192,30.));
#2877=DIRECTION('',(0.,0.,1.));
#2878=VECTOR('',#2877,3.);
#2879=LINE('',#2876,#2878);
#2880=EDGE_CURVE('',#1426,#1537,#2879,.T.);
#2881=ORIENTED_EDGE('',*,*,#2880,.T.);
#2882=EDGE_LOOP('',(#2868,#2874,#2875,#2881));
#2883=FACE_BOUND('',#2882,.T.);
#2884=ADVANCED_FACE('',(#2883),#2867,.F.);
#2885=CARTESIAN_POINT('',(94.535486245,47.531044978,30.));
#2886=DIRECTION('',(1.,-0.,0.));
#2887=DIRECTION('',(0.,1.,0.));
#2888=AXIS2_PLACEMENT_3D('',#2885,#2886,#2887);
#2889=PLANE('',#2888);
#2890=ORIENTED_EDGE('',*,*,#1557,.T.);
#2891=CARTESIAN_POINT('',(94.535486245,69.781921877,33.));
#2892=CARTESIAN_POINT('',(94.535486245,66.70445193,30.000074569));
#2893=B_SPLINE_CURVE_WITH_KNOTS('',1,(#2891,#2892),.UNSPECIFIED.,.F.,.F.,(2,2),(0.,0.99997802),.UNSPECIFIED.);
#2894=EDGE_CURVE('',#1545,#1443,#2893,.T.);
#2895=ORIENTED_EDGE('',*,*,#2894,.T.);
#2896=ORIENTED_EDGE('',*,*,#1448,.F.);
#2897=ORIENTED_EDGE('',*,*,#2873,.T.);
#2898=EDGE_LOOP('',(#2890,#2895,#2896,#2897));
#2899=FACE_BOUND('',#2898,.T.);
#2900=ADVANCED_FACE('',(#2899),#2889,.F.);
#2901=CARTESIAN_POINT('',(93.535486245,47.531044978,30.));
#2902=DIRECTION('',(-1.,0.,0.));
#2903=DIRECTION('',(-0.,-1.,0.));
#2904=AXIS2_PLACEMENT_3D('',#2901,#2902,#2903);
#2905=PLANE('',#2904);
#2906=ORIENTED_EDGE('',*,*,#1542,.T.);
#2907=ORIENTED_EDGE('',*,*,#2880,.F.);
#2908=ORIENTED_EDGE('',*,*,#1431,.F.);
#2909=CARTESIAN_POINT('',(93.535486245,66.914864644,29.999990884));
#2910=CARTESIAN_POINT('',(93.535486245,69.950704448,33.));
#2911=B_SPLINE_CURVE_WITH_KNOTS('',1,(#2909,#2910),.UNSPECIFIED.,.F.,.F.,(2,2),(0.,1.),.UNSPECIFIED.);
#2912=EDGE_CURVE('',#1424,#1535,#2911,.T.);
#2913=ORIENTED_EDGE('',*,*,#2912,.T.);
#2914=EDGE_LOOP('',(#2906,#2907,#2908,#2913));
#2915=FACE_BOUND('',#2914,.T.);
#2916=ADVANCED_FACE('',(#2915),#2905,.F.);
#2917=CARTESIAN_POINT('',(4.,87.,26.));
#2918=DIRECTION('',(0.,1.,0.));
#2919=DIRECTION('',(0.,0.,1.));
#2920=AXIS2_PLACEMENT_3D('',#2917,#2918,#2919);
#2921=PLANE('',#2920);
#2922=ORIENTED_EDGE('',*,*,#744,.T.);
#2923=CARTESIAN_POINT('',(3.,87.,22.3));
#2924=VERTEX_POINT('',#2923);
#2925=CARTESIAN_POINT('',(3.,87.,22.3));
#2926=DIRECTION('',(0.,0.,1.));
#2927=VECTOR('',#2926,7.7);
#2928=LINE('',#2925,#2927);
#2929=EDGE_CURVE('',#2924,#730,#2928,.T.);
#2930=ORIENTED_EDGE('',*,*,#2929,.F.);
#2931=CARTESIAN_POINT('',(5.,87.,22.3));
#2932=VERTEX_POINT('',#2931);
#2933=CARTESIAN_POINT('',(5.,87.,22.3));
#2934=DIRECTION('',(-1.,0.,0.));
#2935=VECTOR('',#2934,2.);
#2936=LINE('',#2933,#2935);
#2937=EDGE_CURVE('',#2932,#2924,#2936,.T.);
#2938=ORIENTED_EDGE('',*,*,#2937,.F.);
#2939=CARTESIAN_POINT('',(5.,87.,22.3));
#2940=DIRECTION('',(0.,0.,1.));
#2941=VECTOR('',#2940,7.7);
#2942=LINE('',#2939,#2941);
#2943=EDGE_CURVE('',#2932,#739,#2942,.T.);
#2944=ORIENTED_EDGE('',*,*,#2943,.T.);
#2945=EDGE_LOOP('',(#2922,#2930,#2938,#2944));
#2946=FACE_BOUND('',#2945,.T.);
#2947=ADVANCED_FACE('',(#2946),#2921,.F.);
#2948=CARTESIAN_POINT('',(5.,15.5,26.));
#2949=DIRECTION('',(-1.,0.,0.));
#2950=DIRECTION('',(0.,0.,1.));
#2951=AXIS2_PLACEMENT_3D('',#2948,#2949,#2950);
#2952=PLANE('',#2951);
#2953=ORIENTED_EDGE('',*,*,#684,.T.);
#2954=CARTESIAN_POINT('',(5.,10.,22.5));
#2955=VERTEX_POINT('',#2954);
#2956=CARTESIAN_POINT('',(5.,10.,30.));
#2957=DIRECTION('',(-0.,-0.,-1.));
#2958=VECTOR('',#2957,7.5);
#2959=LINE('',#2956,#2958);
#2960=EDGE_CURVE('',#670,#2955,#2959,.T.);
#2961=ORIENTED_EDGE('',*,*,#2960,.T.);
#2962=CARTESIAN_POINT('',(5.,26.,22.5));
#2963=VERTEX_POINT('',#2962);
#2964=CARTESIAN_POINT('',(5.,26.,22.5));
#2965=DIRECTION('',(0.,-1.,0.));
#2966=VECTOR('',#2965,16.);
#2967=LINE('',#2964,#2966);
#2968=EDGE_CURVE('',#2963,#2955,#2967,.T.);
#2969=ORIENTED_EDGE('',*,*,#2968,.F.);
#2970=CARTESIAN_POINT('',(5.,26.,22.5));
#2971=DIRECTION('',(0.,0.,1.));
#2972=VECTOR('',#2971,7.5);
#2973=LINE('',#2970,#2972);
#2974=EDGE_CURVE('',#2963,#679,#2973,.T.);
#2975=ORIENTED_EDGE('',*,*,#2974,.T.);
#2976=EDGE_LOOP('',(#2953,#2961,#2969,#2975));
#2977=FACE_BOUND('',#2976,.T.);
#2978=ADVANCED_FACE('',(#2977),#2952,.F.);
#2979=CARTESIAN_POINT('',(4.,26.,26.));
#2980=DIRECTION('',(0.,-1.,0.));
#2981=DIRECTION('',(0.,0.,-1.));
#2982=AXIS2_PLACEMENT_3D('',#2979,#2980,#2981);
#2983=PLANE('',#2982);
#2984=ORIENTED_EDGE('',*,*,#692,.T.);
#2985=ORIENTED_EDGE('',*,*,#2974,.F.);
#2986=CARTESIAN_POINT('',(3.,26.,22.5));
#2987=VERTEX_POINT('',#2986);
#2988=CARTESIAN_POINT('',(3.,26.,22.5));
#2989=DIRECTION('',(1.,0.,-0.));
#2990=VECTOR('',#2989,2.);
#2991=LINE('',#2988,#2990);
#2992=EDGE_CURVE('',#2987,#2963,#2991,.T.);
#2993=ORIENTED_EDGE('',*,*,#2992,.F.);
#2994=CARTESIAN_POINT('',(3.,26.,22.5));
#2995=DIRECTION('',(0.,0.,1.));
#2996=VECTOR('',#2995,7.5);
#2997=LINE('',#2994,#2996);
#2998=EDGE_CURVE('',#2987,#687,#2997,.T.);
#2999=ORIENTED_EDGE('',*,*,#2998,.T.);
#3000=EDGE_LOOP('',(#2984,#2985,#2993,#2999));
#3001=FACE_BOUND('',#3000,.T.);
#3002=ADVANCED_FACE('',(#3001),#2983,.F.);
#3003=CARTESIAN_POINT('',(3.,14.5,26.));
#3004=DIRECTION('',(1.,0.,0.));
#3005=DIRECTION('',(0.,0.,-1.));
#3006=AXIS2_PLACEMENT_3D('',#3003,#3004,#3005);
#3007=PLANE('',#3006);
#3008=ORIENTED_EDGE('',*,*,#2998,.F.);
#3009=CARTESIAN_POINT('',(3.,8.,22.5));
#3010=VERTEX_POINT('',#3009);
#3011=CARTESIAN_POINT('',(3.,8.,22.5));
#3012=DIRECTION('',(0.,1.,0.));
#3013=VECTOR('',#3012,18.);
#3014=LINE('',#3011,#3013);
#3015=EDGE_CURVE('',#3010,#2987,#3014,.T.);
#3016=ORIENTED_EDGE('',*,*,#3015,.F.);
#3017=CARTESIAN_POINT('',(3.,8.,22.5));
#3018=DIRECTION('',(0.,0.,1.));
#3019=VECTOR('',#3018,7.5);
#3020=LINE('',#3017,#3019);
#3021=EDGE_CURVE('',#3010,#695,#3020,.T.);
#3022=ORIENTED_EDGE('',*,*,#3021,.T.);
#3023=ORIENTED_EDGE('',*,*,#700,.T.);
#3024=EDGE_LOOP('',(#3008,#3016,#3022,#3023));
#3025=FACE_BOUND('',#3024,.T.);
#3026=ADVANCED_FACE('',(#3025),#3007,.F.);
#3027=CARTESIAN_POINT('',(56.,3.,26.));
#3028=DIRECTION('',(0.,1.,0.));
#3029=DIRECTION('',(0.,0.,1.));
#3030=AXIS2_PLACEMENT_3D('',#3027,#3028,#3029);
#3031=PLANE('',#3030);
#3032=CARTESIAN_POINT('',(92.151471863,3.,26.498164438));
#3033=VERTEX_POINT('',#3032);
#3034=CARTESIAN_POINT('',(96.151471863,3.,22.498164438));
#3035=VERTEX_POINT('',#3034);
#3036=CARTESIAN_POINT('',(96.151471863,3.,26.498164438));
#3037=DIRECTION('',(-0.,-1.,-0.));
#3038=DIRECTION('',(0.,-0.,1.));
#3039=AXIS2_PLACEMENT_3D('',#3036,#3037,#3038);
#3040=CIRCLE('',#3039,4.);
#3041=EDGE_CURVE('',#3033,#3035,#3040,.T.);
#3042=ORIENTED_EDGE('',*,*,#3041,.T.);
#3043=CARTESIAN_POINT('',(96.272637571,3.,22.5));
#3044=VERTEX_POINT('',#3043);
#3045=CARTESIAN_POINT('',(96.151471863,3.,26.498164438));
#3046=DIRECTION('',(-0.,-1.,-0.));
#3047=DIRECTION('',(0.,-0.,1.));
#3048=AXIS2_PLACEMENT_3D('',#3045,#3046,#3047);
#3049=CIRCLE('',#3048,4.);
#3050=EDGE_CURVE('',#3035,#3044,#3049,.T.);
#3051=ORIENTED_EDGE('',*,*,#3050,.T.);
#3052=CARTESIAN_POINT('',(103.757359313,3.,22.5));
#3053=VERTEX_POINT('',#3052);
#3054=CARTESIAN_POINT('',(103.757359313,3.,22.5));
#3055=DIRECTION('',(-1.,0.,0.));
#3056=VECTOR('',#3055,7.484721742);
#3057=LINE('',#3054,#3056);
#3058=EDGE_CURVE('',#3053,#3044,#3057,.T.);
#3059=ORIENTED_EDGE('',*,*,#3058,.F.);
#3060=CARTESIAN_POINT('',(103.757359313,3.,22.444365081));
#3061=VERTEX_POINT('',#3060);
#3062=CARTESIAN_POINT('',(103.757359313,3.,22.5));
#3063=DIRECTION('',(-0.,-0.,-1.));
#3064=VECTOR('',#3063,0.055634919);
#3065=LINE('',#3062,#3064);
#3066=EDGE_CURVE('',#3053,#3061,#3065,.T.);
#3067=ORIENTED_EDGE('',*,*,#3066,.T.);
#3068=CARTESIAN_POINT('',(104.,3.,22.615937957));
#3069=VERTEX_POINT('',#3068);
#3070=CARTESIAN_POINT('',(104.,3.,22.615937957));
#3071=DIRECTION('',(-0.816496581,-0.,-0.577350269));
#3072=VECTOR('',#3071,0.297172937);
#3073=LINE('',#3070,#3072);
#3074=EDGE_CURVE('',#3069,#3061,#3073,.T.);
#3075=ORIENTED_EDGE('',*,*,#3074,.F.);
#3076=CARTESIAN_POINT('',(104.,3.,22.615937957));
#3077=DIRECTION('',(0.,0.,1.));
#3078=VECTOR('',#3077,7.384062043);
#3079=LINE('',#3076,#3078);
#3080=EDGE_CURVE('',#3069,#621,#3079,.T.);
#3081=ORIENTED_EDGE('',*,*,#3080,.T.);
#3082=ORIENTED_EDGE('',*,*,#626,.T.);
#3083=CARTESIAN_POINT('',(92.151471863,3.,26.498164438));
#3084=DIRECTION('',(0.,0.,1.));
#3085=VECTOR('',#3084,3.501835562);
#3086=LINE('',#3083,#3085);
#3087=EDGE_CURVE('',#3033,#613,#3086,.T.);
#3088=ORIENTED_EDGE('',*,*,#3087,.F.);
#3089=EDGE_LOOP('',(#3042,#3051,#3059,#3067,#3075,#3081,#3082,#3088));
#3090=FACE_BOUND('',#3089,.T.);
#3091=CARTESIAN_POINT('',(97.5,3.,27.6));
#3092=VERTEX_POINT('',#3091);
#3093=CARTESIAN_POINT('',(97.493064525,3.,27.599988547));
#3094=VERTEX_POINT('',#3093);
#3095=CARTESIAN_POINT('',(97.5,3.,25.5));
#3096=DIRECTION('',(-0.,-1.,-0.));
#3097=DIRECTION('',(0.,-0.,1.));
#3098=AXIS2_PLACEMENT_3D('',#3095,#3096,#3097);
#3099=CIRCLE('',#3098,2.1);
#3100=EDGE_CURVE('',#3092,#3094,#3099,.T.);
#3101=ORIENTED_EDGE('',*,*,#3100,.F.);
#3102=CARTESIAN_POINT('',(97.5,3.,25.5));
#3103=DIRECTION('',(-0.,-1.,-0.));
#3104=DIRECTION('',(0.,-0.,1.));
#3105=AXIS2_PLACEMENT_3D('',#3102,#3103,#3104);
#3106=CIRCLE('',#3105,2.1);
#3107=EDGE_CURVE('',#3094,#3092,#3106,.T.);
#3108=ORIENTED_EDGE('',*,*,#3107,.F.);
#3109=EDGE_LOOP('',(#3101,#3108));
#3110=FACE_BOUND('',#3109,.T.);
#3111=ADVANCED_FACE('',(#3090,#3110),#3031,.F.);
#3112=CARTESIAN_POINT('',(56.,92.,26.));
#3113=DIRECTION('',(0.,-1.,0.));
#3114=DIRECTION('',(0.,0.,-1.));
#3115=AXIS2_PLACEMENT_3D('',#3112,#3113,#3114);
#3116=PLANE('',#3115);
#3117=CARTESIAN_POINT('',(17.7,92.,22.3));
#3118=VERTEX_POINT('',#3117);
#3119=CARTESIAN_POINT('',(17.7,92.,22.3));
#3120=DIRECTION('',(0.,0.,1.));
#3121=VECTOR('',#3120,7.7);
#3122=LINE('',#3119,#3121);
#3123=EDGE_CURVE('',#3118,#714,#3122,.T.);
#3124=ORIENTED_EDGE('',*,*,#3123,.F.);
#3125=CARTESIAN_POINT('',(8.,92.,22.3));
#3126=VERTEX_POINT('',#3125);
#3127=CARTESIAN_POINT('',(8.,92.,22.3));
#3128=DIRECTION('',(1.,0.,-0.));
#3129=VECTOR('',#3128,9.7);
#3130=LINE('',#3127,#3129);
#3131=EDGE_CURVE('',#3126,#3118,#3130,.T.);
#3132=ORIENTED_EDGE('',*,*,#3131,.F.);
#3133=CARTESIAN_POINT('',(8.,92.,22.3));
#3134=DIRECTION('',(0.,0.,1.));
#3135=VECTOR('',#3134,7.7);
#3136=LINE('',#3133,#3135);
#3137=EDGE_CURVE('',#3126,#722,#3136,.T.);
#3138=ORIENTED_EDGE('',*,*,#3137,.T.);
#3139=ORIENTED_EDGE('',*,*,#727,.T.);
#3140=EDGE_LOOP('',(#3124,#3132,#3138,#3139));
#3141=FACE_BOUND('',#3140,.T.);
#3142=CARTESIAN_POINT('',(14.5,92.,23.4));
#3143=VERTEX_POINT('',#3142);
#3144=CARTESIAN_POINT('',(12.80135423,92.,26.73474797));
#3145=VERTEX_POINT('',#3144);
#3146=CARTESIAN_POINT('',(14.5,92.,25.5));
#3147=DIRECTION('',(-0.,1.,-0.));
#3148=DIRECTION('',(0.,0.,-1.));
#3149=AXIS2_PLACEMENT_3D('',#3146,#3147,#3148);
#3150=CIRCLE('',#3149,2.1);
#3151=EDGE_CURVE('',#3143,#3145,#3150,.T.);
#3152=ORIENTED_EDGE('',*,*,#3151,.F.);
#3153=CARTESIAN_POINT('',(14.5,92.,25.5));
#3154=DIRECTION('',(-0.,1.,-0.));
#3155=DIRECTION('',(0.,0.,-1.));
#3156=AXIS2_PLACEMENT_3D('',#3153,#3154,#3155);
#3157=CIRCLE('',#3156,2.1);
#3158=EDGE_CURVE('',#3145,#3143,#3157,.T.);
#3159=ORIENTED_EDGE('',*,*,#3158,.F.);
#3160=EDGE_LOOP('',(#3152,#3159));
#3161=FACE_BOUND('',#3160,.T.);
#3162=ADVANCED_FACE('',(#3141,#3161),#3116,.F.);
#3163=CARTESIAN_POINT('',(102.,85.,26.));
#3164=DIRECTION('',(0.,0.,-1.));
#3165=DIRECTION('',(-1.,0.,0.));
#3166=AXIS2_PLACEMENT_3D('',#3163,#3164,#3165);
#3167=CYLINDRICAL_SURFACE('',#3166,5.);
#3168=ORIENTED_EDGE('',*,*,#489,.F.);
#3169=CARTESIAN_POINT('',(105.893875486,88.136516173,22.5));
#3170=VERTEX_POINT('',#3169);
#3171=CARTESIAN_POINT('',(102.,85.,22.5));
#3172=DIRECTION('',(0.,0.,1.));
#3173=DIRECTION('',(1.,0.,-0.));
#3174=AXIS2_PLACEMENT_3D('',#3171,#3172,#3173);
#3175=CIRCLE('',#3174,5.);
#3176=EDGE_CURVE('',#3170,#476,#3175,.T.);
#3177=ORIENTED_EDGE('',*,*,#3176,.F.);
#3178=CARTESIAN_POINT('',(105.893875486,88.136516173,24.));
#3179=VERTEX_POINT('',#3178);
#3180=CARTESIAN_POINT('',(105.893875486,88.136516173,22.5));
#3181=DIRECTION('',(0.,0.,1.));
#3182=VECTOR('',#3181,1.5);
#3183=LINE('',#3180,#3182);
#3184=EDGE_CURVE('',#3170,#3179,#3183,.T.);
#3185=ORIENTED_EDGE('',*,*,#3184,.T.);
#3186=CARTESIAN_POINT('',(102.,85.,23.464466094));
#3187=DIRECTION('',(0.5,-0.5,-0.707106781));
#3188=DIRECTION('',(-0.5,0.5,-0.707106781));
#3189=AXIS2_PLACEMENT_3D('',#3186,#3187,#3188);
#3190=ELLIPSE('',#3189,7.071067812,5.);
#3191=EDGE_CURVE('',#3179,#516,#3190,.T.);
#3192=ORIENTED_EDGE('',*,*,#3191,.T.);
#3193=ORIENTED_EDGE('',*,*,#535,.F.);
#3194=ORIENTED_EDGE('',*,*,#768,.F.);
#3195=EDGE_LOOP('',(#3168,#3177,#3185,#3192,#3193,#3194));
#3196=FACE_BOUND('',#3195,.T.);
#3197=ADVANCED_FACE('',(#3196),#3167,.F.);
#3198=CARTESIAN_POINT('',(104.6,7.4,26.));
#3199=DIRECTION('',(0.,0.,-1.));
#3200=DIRECTION('',(-1.,0.,0.));
#3201=AXIS2_PLACEMENT_3D('',#3198,#3199,#3200);
#3202=CYLINDRICAL_SURFACE('',#3201,2.4);
#3203=ORIENTED_EDGE('',*,*,#328,.F.);
#3204=CARTESIAN_POINT('',(104.6,7.4,26.151471863));
#3205=DIRECTION('',(0.5,0.5,-0.707106781));
#3206=DIRECTION('',(-0.5,-0.5,-0.707106781));
#3207=AXIS2_PLACEMENT_3D('',#3204,#3205,#3206);
#3208=ELLIPSE('',#3207,3.39411255,2.4);
#3209=EDGE_CURVE('',#317,#392,#3208,.T.);
#3210=ORIENTED_EDGE('',*,*,#3209,.T.);
#3211=ORIENTED_EDGE('',*,*,#397,.F.);
#3212=ORIENTED_EDGE('',*,*,#658,.F.);
#3213=EDGE_LOOP('',(#3203,#3210,#3211,#3212));
#3214=FACE_BOUND('',#3213,.T.);
#3215=ADVANCED_FACE('',(#3214),#3202,.F.);
#3216=CARTESIAN_POINT('',(8.,87.,26.));
#3217=DIRECTION('',(0.,0.,1.));
#3218=DIRECTION('',(1.,0.,-0.));
#3219=AXIS2_PLACEMENT_3D('',#3216,#3217,#3218);
#3220=CYLINDRICAL_SURFACE('',#3219,5.);
#3221=ORIENTED_EDGE('',*,*,#3137,.F.);
#3222=CARTESIAN_POINT('',(8.,87.,22.3));
#3223=DIRECTION('',(-0.,-0.,-1.));
#3224=DIRECTION('',(1.,0.,-0.));
#3225=AXIS2_PLACEMENT_3D('',#3222,#3223,#3224);
#3226=CIRCLE('',#3225,5.);
#3227=EDGE_CURVE('',#2924,#3126,#3226,.T.);
#3228=ORIENTED_EDGE('',*,*,#3227,.F.);
#3229=ORIENTED_EDGE('',*,*,#2929,.T.);
#3230=ORIENTED_EDGE('',*,*,#736,.F.);
#3231=EDGE_LOOP('',(#3221,#3228,#3229,#3230));
#3232=FACE_BOUND('',#3231,.T.);
#3233=ADVANCED_FACE('',(#3232),#3220,.T.);
#3234=CARTESIAN_POINT('',(8.,8.,26.));
#3235=DIRECTION('',(0.,0.,1.));
#3236=DIRECTION('',(1.,0.,-0.));
#3237=AXIS2_PLACEMENT_3D('',#3234,#3235,#3236);
#3238=CYLINDRICAL_SURFACE('',#3237,5.);
#3239=ORIENTED_EDGE('',*,*,#3021,.F.);
#3240=CARTESIAN_POINT('',(8.,8.,22.5));
#3241=DIRECTION('',(-0.,-0.,-1.));
#3242=DIRECTION('',(1.,0.,-0.));
#3243=AXIS2_PLACEMENT_3D('',#3240,#3241,#3242);
#3244=CIRCLE('',#3243,5.);
#3245=EDGE_CURVE('',#249,#3010,#3244,.T.);
#3246=ORIENTED_EDGE('',*,*,#3245,.F.);
#3247=ORIENTED_EDGE('',*,*,#254,.F.);
#3248=ORIENTED_EDGE('',*,*,#707,.F.);
#3249=EDGE_LOOP('',(#3239,#3246,#3247,#3248));
#3250=FACE_BOUND('',#3249,.T.);
#3251=ADVANCED_FACE('',(#3250),#3238,.T.);
#3252=CARTESIAN_POINT('',(10.,10.,26.));
#3253=DIRECTION('',(0.,0.,-1.));
#3254=DIRECTION('',(-1.,0.,0.));
#3255=AXIS2_PLACEMENT_3D('',#3252,#3253,#3254);
#3256=CYLINDRICAL_SURFACE('',#3255,5.);
#3257=ORIENTED_EDGE('',*,*,#222,.F.);
#3258=CARTESIAN_POINT('',(10.,10.,22.5));
#3259=DIRECTION('',(0.,0.,1.));
#3260=DIRECTION('',(1.,0.,-0.));
#3261=AXIS2_PLACEMENT_3D('',#3258,#3259,#3260);
#3262=CIRCLE('',#3261,5.);
#3263=EDGE_CURVE('',#2955,#209,#3262,.T.);
#3264=ORIENTED_EDGE('',*,*,#3263,.F.);
#3265=ORIENTED_EDGE('',*,*,#2960,.F.);
#3266=ORIENTED_EDGE('',*,*,#676,.F.);
#3267=EDGE_LOOP('',(#3257,#3264,#3265,#3266));
#3268=FACE_BOUND('',#3267,.T.);
#3269=ADVANCED_FACE('',(#3268),#3256,.F.);
#3270=CARTESIAN_POINT('',(4.582575695,47.5,28.));
#3271=DIRECTION('',(0.,1.,0.));
#3272=DIRECTION('',(0.,-0.,1.));
#3273=AXIS2_PLACEMENT_3D('',#3270,#3271,#3272);
#3274=CYLINDRICAL_SURFACE('',#3273,5.);
#3275=CARTESIAN_POINT('',(4.582575695,5.,28.));
#3276=DIRECTION('',(0.,-1.,0.));
#3277=DIRECTION('',(0.,0.,-1.));
#3278=AXIS2_PLACEMENT_3D('',#3275,#3276,#3277);
#3279=CIRCLE('',#3278,5.);
#3280=EDGE_CURVE('',#1510,#867,#3279,.T.);
#3281=ORIENTED_EDGE('',*,*,#3280,.F.);
#3282=ORIENTED_EDGE('',*,*,#1515,.F.);
#3283=CARTESIAN_POINT('',(4.582575695,90.,28.));
#3284=DIRECTION('',(0.,1.,0.));
#3285=DIRECTION('',(0.,-0.,1.));
#3286=AXIS2_PLACEMENT_3D('',#3283,#3284,#3285);
#3287=CIRCLE('',#3286,5.);
#3288=EDGE_CURVE('',#876,#1501,#3287,.T.);
#3289=ORIENTED_EDGE('',*,*,#3288,.F.);
#3290=ORIENTED_EDGE('',*,*,#881,.F.);
#3291=EDGE_LOOP('',(#3281,#3282,#3289,#3290));
#3292=FACE_BOUND('',#3291,.T.);
#3293=ADVANCED_FACE('',(#3292),#3274,.T.);
#3294=CARTESIAN_POINT('',(5.,90.,28.));
#3295=DIRECTION('',(0.,0.,-1.));
#3296=DIRECTION('',(-1.,0.,0.));
#3297=AXIS2_PLACEMENT_3D('',#3294,#3295,#3296);
#3298=DEGENERATE_TOROIDAL_SURFACE('',#3297,0.417424305,5.,.T.);
#3299=ORIENTED_EDGE('',*,*,#3288,.T.);
#3300=ORIENTED_EDGE('',*,*,#1507,.F.);
#3301=CARTESIAN_POINT('',(5.,90.417424305,28.));
#3302=DIRECTION('',(1.,0.,0.));
#3303=DIRECTION('',(-0.,1.,0.));
#3304=AXIS2_PLACEMENT_3D('',#3301,#3302,#3303);
#3305=CIRCLE('',#3304,5.);
#3306=EDGE_CURVE('',#823,#1493,#3305,.T.);
#3307=ORIENTED_EDGE('',*,*,#3306,.F.);
#3308=ORIENTED_EDGE('',*,*,#888,.F.);
#3309=EDGE_LOOP('',(#3299,#3300,#3307,#3308));
#3310=FACE_BOUND('',#3309,.T.);
#3311=ADVANCED_FACE('',(#3310),#3298,.T.);
#3312=CARTESIAN_POINT('',(5.,5.,28.));
#3313=DIRECTION('',(0.,0.,-1.));
#3314=DIRECTION('',(-1.,0.,0.));
#3315=AXIS2_PLACEMENT_3D('',#3312,#3313,#3314);
#3316=DEGENERATE_TOROIDAL_SURFACE('',#3315,0.417424305,5.,.T.);
#3317=ORIENTED_EDGE('',*,*,#3280,.T.);
#3318=ORIENTED_EDGE('',*,*,#873,.F.);
#3319=CARTESIAN_POINT('',(5.,4.582575695,28.));
#3320=DIRECTION('',(1.,0.,0.));
#3321=DIRECTION('',(0.,0.,-1.));
#3322=AXIS2_PLACEMENT_3D('',#3319,#3320,#3321);
#3323=CIRCLE('',#3322,5.);
#3324=EDGE_CURVE('',#1518,#859,#3323,.T.);
#3325=ORIENTED_EDGE('',*,*,#3324,.F.);
#3326=ORIENTED_EDGE('',*,*,#1524,.F.);
#3327=EDGE_LOOP('',(#3317,#3318,#3325,#3326));
#3328=FACE_BOUND('',#3327,.T.);
#3329=ADVANCED_FACE('',(#3328),#3316,.T.);
#3330=CARTESIAN_POINT('',(56.,90.417424305,28.));
#3331=DIRECTION('',(1.,0.,0.));
#3332=DIRECTION('',(0.,0.,-1.));
#3333=AXIS2_PLACEMENT_3D('',#3330,#3331,#3332);
#3334=CYLINDRICAL_SURFACE('',#3333,5.);
#3335=CARTESIAN_POINT('',(107.,90.417424305,28.));
#3336=DIRECTION('',(1.,0.,0.));
#3337=DIRECTION('',(0.,0.,-1.));
#3338=AXIS2_PLACEMENT_3D('',#3335,#3336,#3337);
#3339=CIRCLE('',#3338,5.);
#3340=EDGE_CURVE('',#825,#1484,#3339,.T.);
#3341=ORIENTED_EDGE('',*,*,#3340,.F.);
#3342=ORIENTED_EDGE('',*,*,#830,.F.);
#3343=ORIENTED_EDGE('',*,*,#3306,.T.);
#3344=ORIENTED_EDGE('',*,*,#1498,.F.);
#3345=EDGE_LOOP('',(#3341,#3342,#3343,#3344));
#3346=FACE_BOUND('',#3345,.T.);
#3347=ADVANCED_FACE('',(#3346),#3334,.T.);
#3348=CARTESIAN_POINT('',(56.,4.582575695,28.));
#3349=DIRECTION('',(-1.,0.,0.));
#3350=DIRECTION('',(0.,0.,1.));
#3351=AXIS2_PLACEMENT_3D('',#3348,#3349,#3350);
#3352=CYLINDRICAL_SURFACE('',#3351,5.);
#3353=ORIENTED_EDGE('',*,*,#3324,.T.);
#3354=ORIENTED_EDGE('',*,*,#864,.F.);
#3355=CARTESIAN_POINT('',(107.,4.582575695,28.));
#3356=DIRECTION('',(1.,0.,0.));
#3357=DIRECTION('',(0.,0.,-1.));
#3358=AXIS2_PLACEMENT_3D('',#3355,#3356,#3357);
#3359=CIRCLE('',#3358,5.);
#3360=EDGE_CURVE('',#1465,#850,#3359,.T.);
#3361=ORIENTED_EDGE('',*,*,#3360,.F.);
#3362=ORIENTED_EDGE('',*,*,#1530,.F.);
#3363=EDGE_LOOP('',(#3353,#3354,#3361,#3362));
#3364=FACE_BOUND('',#3363,.T.);
#3365=ADVANCED_FACE('',(#3364),#3352,.T.);
#3366=CARTESIAN_POINT('',(107.,90.,28.));
#3367=DIRECTION('',(0.,0.,-1.));
#3368=DIRECTION('',(-1.,0.,0.));
#3369=AXIS2_PLACEMENT_3D('',#3366,#3367,#3368);
#3370=DEGENERATE_TOROIDAL_SURFACE('',#3369,0.417424305,5.,.T.);
#3371=ORIENTED_EDGE('',*,*,#3340,.T.);
#3372=ORIENTED_EDGE('',*,*,#1490,.F.);
#3373=CARTESIAN_POINT('',(107.417424305,90.,28.));
#3374=DIRECTION('',(0.,-1.,0.));
#3375=DIRECTION('',(0.,0.,-1.));
#3376=AXIS2_PLACEMENT_3D('',#3373,#3374,#3375);
#3377=CIRCLE('',#3376,5.);
#3378=EDGE_CURVE('',#833,#1476,#3377,.T.);
#3379=ORIENTED_EDGE('',*,*,#3378,.F.);
#3380=ORIENTED_EDGE('',*,*,#839,.F.);
#3381=EDGE_LOOP('',(#3371,#3372,#3379,#3380));
#3382=FACE_BOUND('',#3381,.T.);
#3383=ADVANCED_FACE('',(#3382),#3370,.T.);
#3384=CARTESIAN_POINT('',(107.,5.,28.));
#3385=DIRECTION('',(0.,0.,-1.));
#3386=DIRECTION('',(-1.,0.,0.));
#3387=AXIS2_PLACEMENT_3D('',#3384,#3385,#3386);
#3388=DEGENERATE_TOROIDAL_SURFACE('',#3387,0.417424305,5.,.T.);
#3389=ORIENTED_EDGE('',*,*,#3360,.T.);
#3390=ORIENTED_EDGE('',*,*,#856,.F.);
#3391=CARTESIAN_POINT('',(107.417424305,5.,28.));
#3392=DIRECTION('',(0.,1.,0.));
#3393=DIRECTION('',(0.,-0.,1.));
#3394=AXIS2_PLACEMENT_3D('',#3391,#3392,#3393);
#3395=CIRCLE('',#3394,5.);
#3396=EDGE_CURVE('',#1467,#842,#3395,.T.);
#3397=ORIENTED_EDGE('',*,*,#3396,.F.);
#3398=ORIENTED_EDGE('',*,*,#1473,.F.);
#3399=EDGE_LOOP('',(#3389,#3390,#3397,#3398));
#3400=FACE_BOUND('',#3399,.T.);
#3401=ADVANCED_FACE('',(#3400),#3388,.T.);
#3402=CARTESIAN_POINT('',(107.417424305,47.5,28.));
#3403=DIRECTION('',(0.,-1.,0.));
#3404=DIRECTION('',(0.,0.,-1.));
#3405=AXIS2_PLACEMENT_3D('',#3402,#3403,#3404);
#3406=CYLINDRICAL_SURFACE('',#3405,5.);
#3407=ORIENTED_EDGE('',*,*,#3378,.T.);
#3408=ORIENTED_EDGE('',*,*,#1481,.F.);
#3409=ORIENTED_EDGE('',*,*,#3396,.T.);
#3410=ORIENTED_EDGE('',*,*,#847,.F.);
#3411=EDGE_LOOP('',(#3407,#3408,#3409,#3410));
#3412=FACE_BOUND('',#3411,.T.);
#3413=ADVANCED_FACE('',(#3412),#3406,.T.);
#3414=CARTESIAN_POINT('',(81.033378839,30.767008662,27.));
#3415=DIRECTION('',(0.,0.,1.));
#3416=DIRECTION('',(1.,0.,-0.));
#3417=AXIS2_PLACEMENT_3D('',#3414,#3415,#3416);
#3418=CYLINDRICAL_SURFACE('',#3417,1.75);
#3419=CARTESIAN_POINT('',(82.783378839,30.767008662,30.));
#3420=VERTEX_POINT('',#3419);
#3421=CARTESIAN_POINT('',(82.783378839,30.767008662,27.));
#3422=VERTEX_POINT('',#3421);
#3423=CARTESIAN_POINT('',(82.783378839,30.767008662,30.));
#3424=DIRECTION('',(-0.,-0.,-1.));
#3425=VECTOR('',#3424,3.);
#3426=LINE('',#3423,#3425);
#3427=EDGE_CURVE('',#3420,#3422,#3426,.T.);
#3428=ORIENTED_EDGE('',*,*,#3427,.F.);
#3429=CARTESIAN_POINT('',(81.033378839,32.517008662,30.));
#3430=VERTEX_POINT('',#3429);
#3431=CARTESIAN_POINT('',(81.033378839,30.767008662,30.));
#3432=DIRECTION('',(0.,0.,-1.));
#3433=DIRECTION('',(0.,1.,0.));
#3434=AXIS2_PLACEMENT_3D('',#3431,#3432,#3433);
#3435=CIRCLE('',#3434,1.75);
#3436=EDGE_CURVE('',#3430,#3420,#3435,.T.);
#3437=ORIENTED_EDGE('',*,*,#3436,.F.);
#3438=CARTESIAN_POINT('',(81.033378839,30.767008662,30.));
#3439=DIRECTION('',(0.,0.,-1.));
#3440=DIRECTION('',(0.,1.,0.));
#3441=AXIS2_PLACEMENT_3D('',#3438,#3439,#3440);
#3442=CIRCLE('',#3441,1.75);
#3443=EDGE_CURVE('',#3420,#3430,#3442,.T.);
#3444=ORIENTED_EDGE('',*,*,#3443,.F.);
#3445=ORIENTED_EDGE('',*,*,#3427,.T.);
#3446=CARTESIAN_POINT('',(81.033378839,32.517008662,27.));
#3447=VERTEX_POINT('',#3446);
#3448=CARTESIAN_POINT('',(81.033378839,30.767008662,27.));
#3449=DIRECTION('',(0.,0.,-1.));
#3450=DIRECTION('',(0.,1.,0.));
#3451=AXIS2_PLACEMENT_3D('',#3448,#3449,#3450);
#3452=CIRCLE('',#3451,1.75);
#3453=EDGE_CURVE('',#3422,#3447,#3452,.T.);
#3454=ORIENTED_EDGE('',*,*,#3453,.T.);
#3455=CARTESIAN_POINT('',(81.033378839,30.767008662,27.));
#3456=DIRECTION('',(0.,0.,-1.));
#3457=DIRECTION('',(0.,1.,0.));
#3458=AXIS2_PLACEMENT_3D('',#3455,#3456,#3457);
#3459=CIRCLE('',#3458,1.75);
#3460=EDGE_CURVE('',#3447,#3422,#3459,.T.);
#3461=ORIENTED_EDGE('',*,*,#3460,.T.);
#3462=EDGE_LOOP('',(#3428,#3437,#3444,#3445,#3454,#3461));
#3463=FACE_BOUND('',#3462,.T.);
#3464=ADVANCED_FACE('',(#3463),#3418,.F.);
#3465=CARTESIAN_POINT('',(81.033378839,30.767008662,27.));
#3466=DIRECTION('',(0.,0.,1.));
#3467=DIRECTION('',(1.,0.,-0.));
#3468=AXIS2_PLACEMENT_3D('',#3465,#3466,#3467);
#3469=CYLINDRICAL_SURFACE('',#3468,2.75);
#3470=CARTESIAN_POINT('',(83.783378839,30.767008662,27.5));
#3471=VERTEX_POINT('',#3470);
#3472=CARTESIAN_POINT('',(83.783378839,30.767008662,30.));
#3473=DIRECTION('',(-0.,-0.,-1.));
#3474=VECTOR('',#3473,2.5);
#3475=LINE('',#3472,#3474);
#3476=EDGE_CURVE('',#946,#3471,#3475,.T.);
#3477=ORIENTED_EDGE('',*,*,#3476,.T.);
#3478=CARTESIAN_POINT('',(78.283378839,30.767008662,27.5));
#3479=VERTEX_POINT('',#3478);
#3480=CARTESIAN_POINT('',(81.033378839,30.767008662,27.5));
#3481=DIRECTION('',(-0.,-0.,1.));
#3482=DIRECTION('',(-1.,0.,0.));
#3483=AXIS2_PLACEMENT_3D('',#3480,#3481,#3482);
#3484=CIRCLE('',#3483,2.75);
#3485=EDGE_CURVE('',#3471,#3479,#3484,.T.);
#3486=ORIENTED_EDGE('',*,*,#3485,.T.);
#3487=CARTESIAN_POINT('',(81.033378839,30.767008662,27.5));
#3488=DIRECTION('',(-0.,-0.,1.));
#3489=DIRECTION('',(-1.,0.,0.));
#3490=AXIS2_PLACEMENT_3D('',#3487,#3488,#3489);
#3491=CIRCLE('',#3490,2.75);
#3492=EDGE_CURVE('',#3479,#3471,#3491,.T.);
#3493=ORIENTED_EDGE('',*,*,#3492,.T.);
#3494=ORIENTED_EDGE('',*,*,#3476,.F.);
#3495=ORIENTED_EDGE('',*,*,#952,.T.);
#3496=EDGE_LOOP('',(#3477,#3486,#3493,#3494,#3495));
#3497=FACE_BOUND('',#3496,.T.);
#3498=ADVANCED_FACE('',(#3497),#3469,.T.);
#3499=CARTESIAN_POINT('',(0.,0.,27.));
#3500=DIRECTION('',(0.,0.,-1.));
#3501=DIRECTION('',(0.,1.,0.));
#3502=AXIS2_PLACEMENT_3D('',#3499,#3500,#3501);
#3503=PLANE('',#3502);
#3504=CARTESIAN_POINT('',(78.783378839,30.767008662,27.));
#3505=VERTEX_POINT('',#3504);
#3506=CARTESIAN_POINT('',(83.283378839,30.767008662,27.));
#3507=VERTEX_POINT('',#3506);
#3508=CARTESIAN_POINT('',(81.033378839,30.767008662,27.));
#3509=DIRECTION('',(0.,0.,-1.));
#3510=DIRECTION('',(-1.,0.,0.));
#3511=AXIS2_PLACEMENT_3D('',#3508,#3509,#3510);
#3512=CIRCLE('',#3511,2.25);
#3513=EDGE_CURVE('',#3505,#3507,#3512,.T.);
#3514=ORIENTED_EDGE('',*,*,#3513,.T.);
#3515=CARTESIAN_POINT('',(81.033378839,30.767008662,27.));
#3516=DIRECTION('',(0.,0.,-1.));
#3517=DIRECTION('',(-1.,0.,0.));
#3518=AXIS2_PLACEMENT_3D('',#3515,#3516,#3517);
#3519=CIRCLE('',#3518,2.25);
#3520=EDGE_CURVE('',#3507,#3505,#3519,.T.);
#3521=ORIENTED_EDGE('',*,*,#3520,.T.);
#3522=EDGE_LOOP('',(#3514,#3521));
#3523=FACE_BOUND('',#3522,.T.);
#3524=ORIENTED_EDGE('',*,*,#3453,.F.);
#3525=ORIENTED_EDGE('',*,*,#3460,.F.);
#3526=EDGE_LOOP('',(#3524,#3525));
#3527=FACE_BOUND('',#3526,.T.);
#3528=ADVANCED_FACE('',(#3523,#3527),#3503,.T.);
#3529=CARTESIAN_POINT('',(0.,0.,30.));
#3530=DIRECTION('',(0.,0.,1.));
#3531=DIRECTION('',(0.,1.,0.));
#3532=AXIS2_PLACEMENT_3D('',#3529,#3530,#3531);
#3533=PLANE('',#3532);
#3534=ORIENTED_EDGE('',*,*,#3436,.T.);
#3535=ORIENTED_EDGE('',*,*,#3443,.T.);
#3536=EDGE_LOOP('',(#3534,#3535));
#3537=FACE_BOUND('',#3536,.T.);
#3538=ADVANCED_FACE('',(#3537),#3533,.F.);
#3539=CARTESIAN_POINT('',(103.033378839,64.267008662,27.));
#3540=DIRECTION('',(0.,0.,1.));
#3541=DIRECTION('',(1.,0.,-0.));
#3542=AXIS2_PLACEMENT_3D('',#3539,#3540,#3541);
#3543=CYLINDRICAL_SURFACE('',#3542,1.75);
#3544=CARTESIAN_POINT('',(104.783378839,64.267008662,30.));
#3545=VERTEX_POINT('',#3544);
#3546=CARTESIAN_POINT('',(104.783378839,64.267008662,27.));
#3547=VERTEX_POINT('',#3546);
#3548=CARTESIAN_POINT('',(104.783378839,64.267008662,30.));
#3549=DIRECTION('',(-0.,-0.,-1.));
#3550=VECTOR('',#3549,3.);
#3551=LINE('',#3548,#3550);
#3552=EDGE_CURVE('',#3545,#3547,#3551,.T.);
#3553=ORIENTED_EDGE('',*,*,#3552,.F.);
#3554=CARTESIAN_POINT('',(103.033378839,66.017008662,30.));
#3555=VERTEX_POINT('',#3554);
#3556=CARTESIAN_POINT('',(103.033378839,64.267008662,30.));
#3557=DIRECTION('',(0.,0.,-1.));
#3558=DIRECTION('',(0.,1.,0.));
#3559=AXIS2_PLACEMENT_3D('',#3556,#3557,#3558);
#3560=CIRCLE('',#3559,1.75);
#3561=EDGE_CURVE('',#3555,#3545,#3560,.T.);
#3562=ORIENTED_EDGE('',*,*,#3561,.F.);
#3563=CARTESIAN_POINT('',(103.033378839,64.267008662,30.));
#3564=DIRECTION('',(0.,0.,-1.));
#3565=DIRECTION('',(0.,1.,0.));
#3566=AXIS2_PLACEMENT_3D('',#3563,#3564,#3565);
#3567=CIRCLE('',#3566,1.75);
#3568=EDGE_CURVE('',#3545,#3555,#3567,.T.);
#3569=ORIENTED_EDGE('',*,*,#3568,.F.);
#3570=ORIENTED_EDGE('',*,*,#3552,.T.);
#3571=CARTESIAN_POINT('',(103.033378839,66.017008662,27.));
#3572=VERTEX_POINT('',#3571);
#3573=CARTESIAN_POINT('',(103.033378839,64.267008662,27.));
#3574=DIRECTION('',(0.,0.,-1.));
#3575=DIRECTION('',(0.,1.,0.));
#3576=AXIS2_PLACEMENT_3D('',#3573,#3574,#3575);
#3577=CIRCLE('',#3576,1.75);
#3578=EDGE_CURVE('',#3547,#3572,#3577,.T.);
#3579=ORIENTED_EDGE('',*,*,#3578,.T.);
#3580=CARTESIAN_POINT('',(103.033378839,64.267008662,27.));
#3581=DIRECTION('',(0.,0.,-1.));
#3582=DIRECTION('',(0.,1.,0.));
#3583=AXIS2_PLACEMENT_3D('',#3580,#3581,#3582);
#3584=CIRCLE('',#3583,1.75);
#3585=EDGE_CURVE('',#3572,#3547,#3584,.T.);
#3586=ORIENTED_EDGE('',*,*,#3585,.T.);
#3587=EDGE_LOOP('',(#3553,#3562,#3569,#3570,#3579,#3586));
#3588=FACE_BOUND('',#3587,.T.);
#3589=ADVANCED_FACE('',(#3588),#3543,.F.);
#3590=CARTESIAN_POINT('',(103.033378839,64.267008662,27.));
#3591=DIRECTION('',(0.,0.,1.));
#3592=DIRECTION('',(1.,0.,-0.));
#3593=AXIS2_PLACEMENT_3D('',#3590,#3591,#3592);
#3594=CYLINDRICAL_SURFACE('',#3593,2.75);
#3595=CARTESIAN_POINT('',(105.783378839,64.267008662,27.5));
#3596=VERTEX_POINT('',#3595);
#3597=CARTESIAN_POINT('',(105.783378839,64.267008662,30.));
#3598=DIRECTION('',(-0.,-0.,-1.));
#3599=VECTOR('',#3598,2.5);
#3600=LINE('',#3597,#3599);
#3601=EDGE_CURVE('',#1168,#3596,#3600,.T.);
#3602=ORIENTED_EDGE('',*,*,#3601,.T.);
#3603=CARTESIAN_POINT('',(100.283378839,64.267008662,27.5));
#3604=VERTEX_POINT('',#3603);
#3605=CARTESIAN_POINT('',(103.033378839,64.267008662,27.5));
#3606=DIRECTION('',(-0.,-0.,1.));
#3607=DIRECTION('',(-1.,0.,0.));
#3608=AXIS2_PLACEMENT_3D('',#3605,#3606,#3607);
#3609=CIRCLE('',#3608,2.75);
#3610=EDGE_CURVE('',#3596,#3604,#3609,.T.);
#3611=ORIENTED_EDGE('',*,*,#3610,.T.);
#3612=CARTESIAN_POINT('',(103.033378839,64.267008662,27.5));
#3613=DIRECTION('',(-0.,-0.,1.));
#3614=DIRECTION('',(-1.,0.,0.));
#3615=AXIS2_PLACEMENT_3D('',#3612,#3613,#3614);
#3616=CIRCLE('',#3615,2.75);
#3617=EDGE_CURVE('',#3604,#3596,#3616,.T.);
#3618=ORIENTED_EDGE('',*,*,#3617,.T.);
#3619=ORIENTED_EDGE('',*,*,#3601,.F.);
#3620=ORIENTED_EDGE('',*,*,#1174,.T.);
#3621=EDGE_LOOP('',(#3602,#3611,#3618,#3619,#3620));
#3622=FACE_BOUND('',#3621,.T.);
#3623=ADVANCED_FACE('',(#3622),#3594,.T.);
#3624=CARTESIAN_POINT('',(0.,0.,27.));
#3625=DIRECTION('',(0.,0.,-1.));
#3626=DIRECTION('',(0.,1.,0.));
#3627=AXIS2_PLACEMENT_3D('',#3624,#3625,#3626);
#3628=PLANE('',#3627);
#3629=CARTESIAN_POINT('',(100.783378839,64.267008662,27.));
#3630=VERTEX_POINT('',#3629);
#3631=CARTESIAN_POINT('',(105.283378839,64.267008662,27.));
#3632=VERTEX_POINT('',#3631);
#3633=CARTESIAN_POINT('',(103.033378839,64.267008662,27.));
#3634=DIRECTION('',(0.,0.,-1.));
#3635=DIRECTION('',(-1.,0.,0.));
#3636=AXIS2_PLACEMENT_3D('',#3633,#3634,#3635);
#3637=CIRCLE('',#3636,2.25);
#3638=EDGE_CURVE('',#3630,#3632,#3637,.T.);
#3639=ORIENTED_EDGE('',*,*,#3638,.T.);
#3640=CARTESIAN_POINT('',(103.033378839,64.267008662,27.));
#3641=DIRECTION('',(0.,0.,-1.));
#3642=DIRECTION('',(-1.,0.,0.));
#3643=AXIS2_PLACEMENT_3D('',#3640,#3641,#3642);
#3644=CIRCLE('',#3643,2.25);
#3645=EDGE_CURVE('',#3632,#3630,#3644,.T.);
#3646=ORIENTED_EDGE('',*,*,#3645,.T.);
#3647=EDGE_LOOP('',(#3639,#3646));
#3648=FACE_BOUND('',#3647,.T.);
#3649=ORIENTED_EDGE('',*,*,#3578,.F.);
#3650=ORIENTED_EDGE('',*,*,#3585,.F.);
#3651=EDGE_LOOP('',(#3649,#3650));
#3652=FACE_BOUND('',#3651,.T.);
#3653=ADVANCED_FACE('',(#3648,#3652),#3628,.T.);
#3654=CARTESIAN_POINT('',(0.,0.,30.));
#3655=DIRECTION('',(0.,0.,1.));
#3656=DIRECTION('',(0.,1.,0.));
#3657=AXIS2_PLACEMENT_3D('',#3654,#3655,#3656);
#3658=PLANE('',#3657);
#3659=ORIENTED_EDGE('',*,*,#3561,.T.);
#3660=ORIENTED_EDGE('',*,*,#3568,.T.);
#3661=EDGE_LOOP('',(#3659,#3660));
#3662=FACE_BOUND('',#3661,.T.);
#3663=ADVANCED_FACE('',(#3662),#3658,.F.);
#3664=CARTESIAN_POINT('',(103.033378839,30.767008662,27.));
#3665=DIRECTION('',(0.,0.,1.));
#3666=DIRECTION('',(1.,0.,-0.));
#3667=AXIS2_PLACEMENT_3D('',#3664,#3665,#3666);
#3668=CYLINDRICAL_SURFACE('',#3667,1.75);
#3669=CARTESIAN_POINT('',(104.783378839,30.767008662,30.));
#3670=VERTEX_POINT('',#3669);
#3671=CARTESIAN_POINT('',(104.783378839,30.767008662,27.));
#3672=VERTEX_POINT('',#3671);
#3673=CARTESIAN_POINT('',(104.783378839,30.767008662,30.));
#3674=DIRECTION('',(-0.,-0.,-1.));
#3675=VECTOR('',#3674,3.);
#3676=LINE('',#3673,#3675);
#3677=EDGE_CURVE('',#3670,#3672,#3676,.T.);
#3678=ORIENTED_EDGE('',*,*,#3677,.F.);
#3679=CARTESIAN_POINT('',(103.033378839,32.517008662,30.));
#3680=VERTEX_POINT('',#3679);
#3681=CARTESIAN_POINT('',(103.033378839,30.767008662,30.));
#3682=DIRECTION('',(0.,0.,-1.));
#3683=DIRECTION('',(0.,1.,0.));
#3684=AXIS2_PLACEMENT_3D('',#3681,#3682,#3683);
#3685=CIRCLE('',#3684,1.75);
#3686=EDGE_CURVE('',#3680,#3670,#3685,.T.);
#3687=ORIENTED_EDGE('',*,*,#3686,.F.);
#3688=CARTESIAN_POINT('',(103.033378839,30.767008662,30.));
#3689=DIRECTION('',(0.,0.,-1.));
#3690=DIRECTION('',(0.,1.,0.));
#3691=AXIS2_PLACEMENT_3D('',#3688,#3689,#3690);
#3692=CIRCLE('',#3691,1.75);
#3693=EDGE_CURVE('',#3670,#3680,#3692,.T.);
#3694=ORIENTED_EDGE('',*,*,#3693,.F.);
#3695=ORIENTED_EDGE('',*,*,#3677,.T.);
#3696=CARTESIAN_POINT('',(103.033378839,32.517008662,27.));
#3697=VERTEX_POINT('',#3696);
#3698=CARTESIAN_POINT('',(103.033378839,30.767008662,27.));
#3699=DIRECTION('',(0.,0.,-1.));
#3700=DIRECTION('',(0.,1.,0.));
#3701=AXIS2_PLACEMENT_3D('',#3698,#3699,#3700);
#3702=CIRCLE('',#3701,1.75);
#3703=EDGE_CURVE('',#3672,#3697,#3702,.T.);
#3704=ORIENTED_EDGE('',*,*,#3703,.T.);
#3705=CARTESIAN_POINT('',(103.033378839,30.767008662,27.));
#3706=DIRECTION('',(0.,0.,-1.));
#3707=DIRECTION('',(0.,1.,0.));
#3708=AXIS2_PLACEMENT_3D('',#3705,#3706,#3707);
#3709=CIRCLE('',#3708,1.75);
#3710=EDGE_CURVE('',#3697,#3672,#3709,.T.);
#3711=ORIENTED_EDGE('',*,*,#3710,.T.);
#3712=EDGE_LOOP('',(#3678,#3687,#3694,#3695,#3704,#3711));
#3713=FACE_BOUND('',#3712,.T.);
#3714=ADVANCED_FACE('',(#3713),#3668,.F.);
#3715=CARTESIAN_POINT('',(103.033378839,30.767008662,27.));
#3716=DIRECTION('',(0.,0.,1.));
#3717=DIRECTION('',(1.,0.,-0.));
#3718=AXIS2_PLACEMENT_3D('',#3715,#3716,#3717);
#3719=CYLINDRICAL_SURFACE('',#3718,2.75);
#3720=CARTESIAN_POINT('',(105.783378839,30.767008662,27.5));
#3721=VERTEX_POINT('',#3720);
#3722=CARTESIAN_POINT('',(105.783378839,30.767008662,30.));
#3723=DIRECTION('',(-0.,-0.,-1.));
#3724=VECTOR('',#3723,2.5);
#3725=LINE('',#3722,#3724);
#3726=EDGE_CURVE('',#1157,#3721,#3725,.T.);
#3727=ORIENTED_EDGE('',*,*,#3726,.T.);
#3728=CARTESIAN_POINT('',(100.283378839,30.767008662,27.5));
#3729=VERTEX_POINT('',#3728);
#3730=CARTESIAN_POINT('',(103.033378839,30.767008662,27.5));
#3731=DIRECTION('',(-0.,-0.,1.));
#3732=DIRECTION('',(-1.,0.,0.));
#3733=AXIS2_PLACEMENT_3D('',#3730,#3731,#3732);
#3734=CIRCLE('',#3733,2.75);
#3735=EDGE_CURVE('',#3721,#3729,#3734,.T.);
#3736=ORIENTED_EDGE('',*,*,#3735,.T.);
#3737=CARTESIAN_POINT('',(103.033378839,30.767008662,27.5));
#3738=DIRECTION('',(-0.,-0.,1.));
#3739=DIRECTION('',(-1.,0.,0.));
#3740=AXIS2_PLACEMENT_3D('',#3737,#3738,#3739);
#3741=CIRCLE('',#3740,2.75);
#3742=EDGE_CURVE('',#3729,#3721,#3741,.T.);
#3743=ORIENTED_EDGE('',*,*,#3742,.T.);
#3744=ORIENTED_EDGE('',*,*,#3726,.F.);
#3745=ORIENTED_EDGE('',*,*,#1163,.T.);
#3746=EDGE_LOOP('',(#3727,#3736,#3743,#3744,#3745));
#3747=FACE_BOUND('',#3746,.T.);
#3748=ADVANCED_FACE('',(#3747),#3719,.T.);
#3749=CARTESIAN_POINT('',(0.,0.,27.));
#3750=DIRECTION('',(0.,0.,-1.));
#3751=DIRECTION('',(0.,1.,0.));
#3752=AXIS2_PLACEMENT_3D('',#3749,#3750,#3751);
#3753=PLANE('',#3752);
#3754=CARTESIAN_POINT('',(100.783378839,30.767008662,27.));
#3755=VERTEX_POINT('',#3754);
#3756=CARTESIAN_POINT('',(105.283378839,30.767008662,27.));
#3757=VERTEX_POINT('',#3756);
#3758=CARTESIAN_POINT('',(103.033378839,30.767008662,27.));
#3759=DIRECTION('',(0.,0.,-1.));
#3760=DIRECTION('',(-1.,0.,0.));
#3761=AXIS2_PLACEMENT_3D('',#3758,#3759,#3760);
#3762=CIRCLE('',#3761,2.25);
#3763=EDGE_CURVE('',#3755,#3757,#3762,.T.);
#3764=ORIENTED_EDGE('',*,*,#3763,.T.);
#3765=CARTESIAN_POINT('',(103.033378839,30.767008662,27.));
#3766=DIRECTION('',(0.,0.,-1.));
#3767=DIRECTION('',(-1.,0.,0.));
#3768=AXIS2_PLACEMENT_3D('',#3765,#3766,#3767);
#3769=CIRCLE('',#3768,2.25);
#3770=EDGE_CURVE('',#3757,#3755,#3769,.T.);
#3771=ORIENTED_EDGE('',*,*,#3770,.T.);
#3772=EDGE_LOOP('',(#3764,#3771));
#3773=FACE_BOUND('',#3772,.T.);
#3774=ORIENTED_EDGE('',*,*,#3703,.F.);
#3775=ORIENTED_EDGE('',*,*,#3710,.F.);
#3776=EDGE_LOOP('',(#3774,#3775));
#3777=FACE_BOUND('',#3776,.T.);
#3778=ADVANCED_FACE('',(#3773,#3777),#3753,.T.);
#3779=CARTESIAN_POINT('',(0.,0.,30.));
#3780=DIRECTION('',(0.,0.,1.));
#3781=DIRECTION('',(0.,1.,0.));
#3782=AXIS2_PLACEMENT_3D('',#3779,#3780,#3781);
#3783=PLANE('',#3782);
#3784=ORIENTED_EDGE('',*,*,#3686,.T.);
#3785=ORIENTED_EDGE('',*,*,#3693,.T.);
#3786=EDGE_LOOP('',(#3784,#3785));
#3787=FACE_BOUND('',#3786,.T.);
#3788=ADVANCED_FACE('',(#3787),#3783,.F.);
#3789=CARTESIAN_POINT('',(81.033378839,64.267008662,27.));
#3790=DIRECTION('',(0.,0.,1.));
#3791=DIRECTION('',(1.,0.,-0.));
#3792=AXIS2_PLACEMENT_3D('',#3789,#3790,#3791);
#3793=CYLINDRICAL_SURFACE('',#3792,1.75);
#3794=CARTESIAN_POINT('',(82.783378839,64.267008662,30.));
#3795=VERTEX_POINT('',#3794);
#3796=CARTESIAN_POINT('',(82.783378839,64.267008662,27.));
#3797=VERTEX_POINT('',#3796);
#3798=CARTESIAN_POINT('',(82.783378839,64.267008662,30.));
#3799=DIRECTION('',(-0.,-0.,-1.));
#3800=VECTOR('',#3799,3.);
#3801=LINE('',#3798,#3800);
#3802=EDGE_CURVE('',#3795,#3797,#3801,.T.);
#3803=ORIENTED_EDGE('',*,*,#3802,.F.);
#3804=CARTESIAN_POINT('',(81.033378839,66.017008662,30.));
#3805=VERTEX_POINT('',#3804);
#3806=CARTESIAN_POINT('',(81.033378839,64.267008662,30.));
#3807=DIRECTION('',(0.,0.,-1.));
#3808=DIRECTION('',(0.,1.,0.));
#3809=AXIS2_PLACEMENT_3D('',#3806,#3807,#3808);
#3810=CIRCLE('',#3809,1.75);
#3811=EDGE_CURVE('',#3805,#3795,#3810,.T.);
#3812=ORIENTED_EDGE('',*,*,#3811,.F.);
#3813=CARTESIAN_POINT('',(81.033378839,64.267008662,30.));
#3814=DIRECTION('',(0.,0.,-1.));
#3815=DIRECTION('',(0.,1.,0.));
#3816=AXIS2_PLACEMENT_3D('',#3813,#3814,#3815);
#3817=CIRCLE('',#3816,1.75);
#3818=EDGE_CURVE('',#3795,#3805,#3817,.T.);
#3819=ORIENTED_EDGE('',*,*,#3818,.F.);
#3820=ORIENTED_EDGE('',*,*,#3802,.T.);
#3821=CARTESIAN_POINT('',(81.033378839,66.017008662,27.));
#3822=VERTEX_POINT('',#3821);
#3823=CARTESIAN_POINT('',(81.033378839,64.267008662,27.));
#3824=DIRECTION('',(0.,0.,-1.));
#3825=DIRECTION('',(0.,1.,0.));
#3826=AXIS2_PLACEMENT_3D('',#3823,#3824,#3825);
#3827=CIRCLE('',#3826,1.75);
#3828=EDGE_CURVE('',#3797,#3822,#3827,.T.);
#3829=ORIENTED_EDGE('',*,*,#3828,.T.);
#3830=CARTESIAN_POINT('',(81.033378839,64.267008662,27.));
#3831=DIRECTION('',(0.,0.,-1.));
#3832=DIRECTION('',(0.,1.,0.));
#3833=AXIS2_PLACEMENT_3D('',#3830,#3831,#3832);
#3834=CIRCLE('',#3833,1.75);
#3835=EDGE_CURVE('',#3822,#3797,#3834,.T.);
#3836=ORIENTED_EDGE('',*,*,#3835,.T.);
#3837=EDGE_LOOP('',(#3803,#3812,#3819,#3820,#3829,#3836));
#3838=FACE_BOUND('',#3837,.T.);
#3839=ADVANCED_FACE('',(#3838),#3793,.F.);
#3840=CARTESIAN_POINT('',(81.033378839,64.267008662,27.));
#3841=DIRECTION('',(0.,0.,1.));
#3842=DIRECTION('',(1.,0.,-0.));
#3843=AXIS2_PLACEMENT_3D('',#3840,#3841,#3842);
#3844=CYLINDRICAL_SURFACE('',#3843,2.75);
#3845=CARTESIAN_POINT('',(83.783378839,64.267008662,27.5));
#3846=VERTEX_POINT('',#3845);
#3847=CARTESIAN_POINT('',(83.783378839,64.267008662,30.));
#3848=DIRECTION('',(-0.,-0.,-1.));
#3849=VECTOR('',#3848,2.5);
#3850=LINE('',#3847,#3849);
#3851=EDGE_CURVE('',#935,#3846,#3850,.T.);
#3852=ORIENTED_EDGE('',*,*,#3851,.T.);
#3853=CARTESIAN_POINT('',(78.283378839,64.267008662,27.5));
#3854=VERTEX_POINT('',#3853);
#3855=CARTESIAN_POINT('',(81.033378839,64.267008662,27.5));
#3856=DIRECTION('',(-0.,-0.,1.));
#3857=DIRECTION('',(-1.,0.,0.));
#3858=AXIS2_PLACEMENT_3D('',#3855,#3856,#3857);
#3859=CIRCLE('',#3858,2.75);
#3860=EDGE_CURVE('',#3846,#3854,#3859,.T.);
#3861=ORIENTED_EDGE('',*,*,#3860,.T.);
#3862=CARTESIAN_POINT('',(81.033378839,64.267008662,27.5));
#3863=DIRECTION('',(-0.,-0.,1.));
#3864=DIRECTION('',(-1.,0.,0.));
#3865=AXIS2_PLACEMENT_3D('',#3862,#3863,#3864);
#3866=CIRCLE('',#3865,2.75);
#3867=EDGE_CURVE('',#3854,#3846,#3866,.T.);
#3868=ORIENTED_EDGE('',*,*,#3867,.T.);
#3869=ORIENTED_EDGE('',*,*,#3851,.F.);
#3870=ORIENTED_EDGE('',*,*,#941,.T.);
#3871=EDGE_LOOP('',(#3852,#3861,#3868,#3869,#3870));
#3872=FACE_BOUND('',#3871,.T.);
#3873=ADVANCED_FACE('',(#3872),#3844,.T.);
#3874=CARTESIAN_POINT('',(0.,0.,27.));
#3875=DIRECTION('',(0.,0.,-1.));
#3876=DIRECTION('',(0.,1.,0.));
#3877=AXIS2_PLACEMENT_3D('',#3874,#3875,#3876);
#3878=PLANE('',#3877);
#3879=CARTESIAN_POINT('',(78.783378839,64.267008662,27.));
#3880=VERTEX_POINT('',#3879);
#3881=CARTESIAN_POINT('',(83.283378839,64.267008662,27.));
#3882=VERTEX_POINT('',#3881);
#3883=CARTESIAN_POINT('',(81.033378839,64.267008662,27.));
#3884=DIRECTION('',(0.,0.,-1.));
#3885=DIRECTION('',(-1.,0.,0.));
#3886=AXIS2_PLACEMENT_3D('',#3883,#3884,#3885);
#3887=CIRCLE('',#3886,2.25);
#3888=EDGE_CURVE('',#3880,#3882,#3887,.T.);
#3889=ORIENTED_EDGE('',*,*,#3888,.T.);
#3890=CARTESIAN_POINT('',(81.033378839,64.267008662,27.));
#3891=DIRECTION('',(0.,0.,-1.));
#3892=DIRECTION('',(-1.,0.,0.));
#3893=AXIS2_PLACEMENT_3D('',#3890,#3891,#3892);
#3894=CIRCLE('',#3893,2.25);
#3895=EDGE_CURVE('',#3882,#3880,#3894,.T.);
#3896=ORIENTED_EDGE('',*,*,#3895,.T.);
#3897=EDGE_LOOP('',(#3889,#3896));
#3898=FACE_BOUND('',#3897,.T.);
#3899=ORIENTED_EDGE('',*,*,#3828,.F.);
#3900=ORIENTED_EDGE('',*,*,#3835,.F.);
#3901=EDGE_LOOP('',(#3899,#3900));
#3902=FACE_BOUND('',#3901,.T.);
#3903=ADVANCED_FACE('',(#3898,#3902),#3878,.T.);
#3904=CARTESIAN_POINT('',(0.,0.,30.));
#3905=DIRECTION('',(0.,0.,1.));
#3906=DIRECTION('',(0.,1.,0.));
#3907=AXIS2_PLACEMENT_3D('',#3904,#3905,#3906);
#3908=PLANE('',#3907);
#3909=ORIENTED_EDGE('',*,*,#3811,.T.);
#3910=ORIENTED_EDGE('',*,*,#3818,.T.);
#3911=EDGE_LOOP('',(#3909,#3910));
#3912=FACE_BOUND('',#3911,.T.);
#3913=ADVANCED_FACE('',(#3912),#3908,.F.);
#3914=CARTESIAN_POINT('',(81.033378839,64.267008662,27.));
#3915=DIRECTION('',(0.,0.,1.));
#3916=DIRECTION('',(1.,0.,-0.));
#3917=AXIS2_PLACEMENT_3D('',#3914,#3915,#3916);
#3918=CONICAL_SURFACE('',#3917,2.25,45.);
#3919=CARTESIAN_POINT('',(83.783378839,64.267008662,27.5));
#3920=DIRECTION('',(-0.707106781,-0.,-0.707106781));
#3921=VECTOR('',#3920,0.707106781);
#3922=LINE('',#3919,#3921);
#3923=EDGE_CURVE('',#3846,#3882,#3922,.T.);
#3924=ORIENTED_EDGE('',*,*,#3923,.T.);
#3925=ORIENTED_EDGE('',*,*,#3888,.F.);
#3926=ORIENTED_EDGE('',*,*,#3895,.F.);
#3927=ORIENTED_EDGE('',*,*,#3923,.F.);
#3928=ORIENTED_EDGE('',*,*,#3867,.F.);
#3929=ORIENTED_EDGE('',*,*,#3860,.F.);
#3930=EDGE_LOOP('',(#3924,#3925,#3926,#3927,#3928,#3929));
#3931=FACE_BOUND('',#3930,.T.);
#3932=ADVANCED_FACE('',(#3931),#3918,.T.);
#3933=CARTESIAN_POINT('',(103.033378839,30.767008662,27.));
#3934=DIRECTION('',(0.,0.,1.));
#3935=DIRECTION('',(1.,0.,-0.));
#3936=AXIS2_PLACEMENT_3D('',#3933,#3934,#3935);
#3937=CONICAL_SURFACE('',#3936,2.25,45.);
#3938=CARTESIAN_POINT('',(105.783378839,30.767008662,27.5));
#3939=DIRECTION('',(-0.707106781,-0.,-0.707106781));
#3940=VECTOR('',#3939,0.707106781);
#3941=LINE('',#3938,#3940);
#3942=EDGE_CURVE('',#3721,#3757,#3941,.T.);
#3943=ORIENTED_EDGE('',*,*,#3942,.T.);
#3944=ORIENTED_EDGE('',*,*,#3763,.F.);
#3945=ORIENTED_EDGE('',*,*,#3770,.F.);
#3946=ORIENTED_EDGE('',*,*,#3942,.F.);
#3947=ORIENTED_EDGE('',*,*,#3742,.F.);
#3948=ORIENTED_EDGE('',*,*,#3735,.F.);
#3949=EDGE_LOOP('',(#3943,#3944,#3945,#3946,#3947,#3948));
#3950=FACE_BOUND('',#3949,.T.);
#3951=ADVANCED_FACE('',(#3950),#3937,.T.);
#3952=CARTESIAN_POINT('',(103.033378839,64.267008662,27.));
#3953=DIRECTION('',(0.,0.,1.));
#3954=DIRECTION('',(1.,0.,-0.));
#3955=AXIS2_PLACEMENT_3D('',#3952,#3953,#3954);
#3956=CONICAL_SURFACE('',#3955,2.25,45.);
#3957=CARTESIAN_POINT('',(105.783378839,64.267008662,27.5));
#3958=DIRECTION('',(-0.707106781,-0.,-0.707106781));
#3959=VECTOR('',#3958,0.707106781);
#3960=LINE('',#3957,#3959);
#3961=EDGE_CURVE('',#3596,#3632,#3960,.T.);
#3962=ORIENTED_EDGE('',*,*,#3961,.T.);
#3963=ORIENTED_EDGE('',*,*,#3638,.F.);
#3964=ORIENTED_EDGE('',*,*,#3645,.F.);
#3965=ORIENTED_EDGE('',*,*,#3961,.F.);
#3966=ORIENTED_EDGE('',*,*,#3617,.F.);
#3967=ORIENTED_EDGE('',*,*,#3610,.F.);
#3968=EDGE_LOOP('',(#3962,#3963,#3964,#3965,#3966,#3967));
#3969=FACE_BOUND('',#3968,.T.);
#3970=ADVANCED_FACE('',(#3969),#3956,.T.);
#3971=CARTESIAN_POINT('',(81.033378839,30.767008662,27.));
#3972=DIRECTION('',(0.,0.,1.));
#3973=DIRECTION('',(1.,0.,-0.));
#3974=AXIS2_PLACEMENT_3D('',#3971,#3972,#3973);
#3975=CONICAL_SURFACE('',#3974,2.25,45.);
#3976=CARTESIAN_POINT('',(83.783378839,30.767008662,27.5));
#3977=DIRECTION('',(-0.707106781,-0.,-0.707106781));
#3978=VECTOR('',#3977,0.707106781);
#3979=LINE('',#3976,#3978);
#3980=EDGE_CURVE('',#3471,#3507,#3979,.T.);
#3981=ORIENTED_EDGE('',*,*,#3980,.T.);
#3982=ORIENTED_EDGE('',*,*,#3513,.F.);
#3983=ORIENTED_EDGE('',*,*,#3520,.F.);
#3984=ORIENTED_EDGE('',*,*,#3980,.F.);
#3985=ORIENTED_EDGE('',*,*,#3492,.F.);
#3986=ORIENTED_EDGE('',*,*,#3485,.F.);
#3987=EDGE_LOOP('',(#3981,#3982,#3983,#3984,#3985,#3986));
#3988=FACE_BOUND('',#3987,.T.);
#3989=ADVANCED_FACE('',(#3988),#3975,.T.);
#3990=CARTESIAN_POINT('',(104.,87.,26.));
#3991=DIRECTION('',(0.,0.,1.));
#3992=DIRECTION('',(1.,0.,-0.));
#3993=AXIS2_PLACEMENT_3D('',#3990,#3991,#3992);
#3994=CYLINDRICAL_SURFACE('',#3993,5.);
#3995=ORIENTED_EDGE('',*,*,#567,.F.);
#3996=CARTESIAN_POINT('',(107.893875486,90.136516173,24.));
#3997=VERTEX_POINT('',#3996);
#3998=CARTESIAN_POINT('',(104.,87.,23.464466094));
#3999=DIRECTION('',(-0.5,0.5,0.707106781));
#4000=DIRECTION('',(0.5,-0.5,0.707106781));
#4001=AXIS2_PLACEMENT_3D('',#3998,#3999,#4000);
#4002=ELLIPSE('',#4001,7.071067812,5.);
#4003=EDGE_CURVE('',#556,#3997,#4002,.T.);
#4004=ORIENTED_EDGE('',*,*,#4003,.T.);
#4005=CARTESIAN_POINT('',(107.893875486,90.136516173,22.5));
#4006=VERTEX_POINT('',#4005);
#4007=CARTESIAN_POINT('',(107.893875486,90.136516173,22.5));
#4008=DIRECTION('',(0.,0.,1.));
#4009=VECTOR('',#4008,1.5);
#4010=LINE('',#4007,#4009);
#4011=EDGE_CURVE('',#4006,#3997,#4010,.T.);
#4012=ORIENTED_EDGE('',*,*,#4011,.F.);
#4013=CARTESIAN_POINT('',(104.,87.,22.5));
#4014=DIRECTION('',(-0.,-0.,-1.));
#4015=DIRECTION('',(1.,0.,-0.));
#4016=AXIS2_PLACEMENT_3D('',#4013,#4014,#4015);
#4017=CIRCLE('',#4016,5.);
#4018=EDGE_CURVE('',#123,#4006,#4017,.T.);
#4019=ORIENTED_EDGE('',*,*,#4018,.F.);
#4020=ORIENTED_EDGE('',*,*,#128,.F.);
#4021=ORIENTED_EDGE('',*,*,#783,.F.);
#4022=EDGE_LOOP('',(#3995,#4004,#4012,#4019,#4020,#4021));
#4023=FACE_BOUND('',#4022,.T.);
#4024=ADVANCED_FACE('',(#4023),#3994,.T.);
#4025=CARTESIAN_POINT('',(104.,8.,26.));
#4026=DIRECTION('',(0.,0.,1.));
#4027=DIRECTION('',(1.,0.,-0.));
#4028=AXIS2_PLACEMENT_3D('',#4025,#4026,#4027);
#4029=CYLINDRICAL_SURFACE('',#4028,5.);
#4030=CARTESIAN_POINT('',(109.,8.,29.687005769));
#4031=VERTEX_POINT('',#4030);
#4032=CARTESIAN_POINT('',(109.,8.,30.));
#4033=DIRECTION('',(-0.,-0.,-1.));
#4034=VECTOR('',#4033,0.312994231);
#4035=LINE('',#4032,#4034);
#4036=EDGE_CURVE('',#629,#4031,#4035,.T.);
#4037=ORIENTED_EDGE('',*,*,#4036,.T.);
#4038=CARTESIAN_POINT('',(104.,8.,26.151471863));
#4039=DIRECTION('',(-0.5,-0.5,0.707106781));
#4040=DIRECTION('',(0.5,0.5,0.707106781));
#4041=AXIS2_PLACEMENT_3D('',#4038,#4039,#4040);
#4042=ELLIPSE('',#4041,7.071067812,5.);
#4043=EDGE_CURVE('',#4031,#638,#4042,.T.);
#4044=ORIENTED_EDGE('',*,*,#4043,.T.);
#4045=ORIENTED_EDGE('',*,*,#644,.F.);
#4046=EDGE_LOOP('',(#4037,#4044,#4045));
#4047=FACE_BOUND('',#4046,.T.);
#4048=ADVANCED_FACE('',(#4047),#4029,.T.);
#4049=CARTESIAN_POINT('',(9.582575695,85.,26.));
#4050=DIRECTION('',(0.,0.,-1.));
#4051=DIRECTION('',(-1.,0.,0.));
#4052=AXIS2_PLACEMENT_3D('',#4049,#4050,#4051);
#4053=CYLINDRICAL_SURFACE('',#4052,5.);
#4054=ORIENTED_EDGE('',*,*,#2943,.F.);
#4055=CARTESIAN_POINT('',(9.582575695,85.,22.3));
#4056=DIRECTION('',(0.,0.,1.));
#4057=DIRECTION('',(1.,0.,-0.));
#4058=AXIS2_PLACEMENT_3D('',#4055,#4056,#4057);
#4059=CIRCLE('',#4058,5.);
#4060=EDGE_CURVE('',#83,#2932,#4059,.T.);
#4061=ORIENTED_EDGE('',*,*,#4060,.F.);
#4062=ORIENTED_EDGE('',*,*,#88,.F.);
#4063=ORIENTED_EDGE('',*,*,#751,.F.);
#4064=EDGE_LOOP('',(#4054,#4061,#4062,#4063));
#4065=FACE_BOUND('',#4064,.T.);
#4066=ADVANCED_FACE('',(#4065),#4053,.F.);
#4067=CARTESIAN_POINT('',(68.3,30.8,28.));
#4068=DIRECTION('',(0.,0.,1.));
#4069=DIRECTION('',(1.,0.,-0.));
#4070=AXIS2_PLACEMENT_3D('',#4067,#4068,#4069);
#4071=CYLINDRICAL_SURFACE('',#4070,1.75);
#4072=CARTESIAN_POINT('',(70.05,30.8,32.));
#4073=VERTEX_POINT('',#4072);
#4074=CARTESIAN_POINT('',(70.05,30.8,28.5));
#4075=VERTEX_POINT('',#4074);
#4076=CARTESIAN_POINT('',(70.05,30.8,32.));
#4077=DIRECTION('',(-0.,-0.,-1.));
#4078=VECTOR('',#4077,3.5);
#4079=LINE('',#4076,#4078);
#4080=EDGE_CURVE('',#4073,#4075,#4079,.T.);
#4081=ORIENTED_EDGE('',*,*,#4080,.F.);
#4082=CARTESIAN_POINT('',(66.55,30.8,32.));
#4083=VERTEX_POINT('',#4082);
#4084=CARTESIAN_POINT('',(68.3,30.8,32.));
#4085=DIRECTION('',(0.,0.,-1.));
#4086=DIRECTION('',(-1.,0.,0.));
#4087=AXIS2_PLACEMENT_3D('',#4084,#4085,#4086);
#4088=CIRCLE('',#4087,1.75);
#4089=EDGE_CURVE('',#4083,#4073,#4088,.T.);
#4090=ORIENTED_EDGE('',*,*,#4089,.F.);
#4091=CARTESIAN_POINT('',(68.3,30.8,32.));
#4092=DIRECTION('',(0.,0.,-1.));
#4093=DIRECTION('',(-1.,0.,0.));
#4094=AXIS2_PLACEMENT_3D('',#4091,#4092,#4093);
#4095=CIRCLE('',#4094,1.75);
#4096=EDGE_CURVE('',#4073,#4083,#4095,.T.);
#4097=ORIENTED_EDGE('',*,*,#4096,.F.);
#4098=ORIENTED_EDGE('',*,*,#4080,.T.);
#4099=CARTESIAN_POINT('',(66.55,30.8,28.5));
#4100=VERTEX_POINT('',#4099);
#4101=CARTESIAN_POINT('',(68.3,30.8,28.5));
#4102=DIRECTION('',(0.,0.,-1.));
#4103=DIRECTION('',(-1.,0.,0.));
#4104=AXIS2_PLACEMENT_3D('',#4101,#4102,#4103);
#4105=CIRCLE('',#4104,1.75);
#4106=EDGE_CURVE('',#4075,#4100,#4105,.T.);
#4107=ORIENTED_EDGE('',*,*,#4106,.T.);
#4108=CARTESIAN_POINT('',(68.3,30.8,28.5));
#4109=DIRECTION('',(0.,0.,-1.));
#4110=DIRECTION('',(-1.,0.,0.));
#4111=AXIS2_PLACEMENT_3D('',#4108,#4109,#4110);
#4112=CIRCLE('',#4111,1.75);
#4113=EDGE_CURVE('',#4100,#4075,#4112,.T.);
#4114=ORIENTED_EDGE('',*,*,#4113,.T.);
#4115=EDGE_LOOP('',(#4081,#4090,#4097,#4098,#4107,#4114));
#4116=FACE_BOUND('',#4115,.T.);
#4117=ADVANCED_FACE('',(#4116),#4071,.F.);
#4118=CARTESIAN_POINT('',(68.3,30.8,28.));
#4119=DIRECTION('',(0.,0.,1.));
#4120=DIRECTION('',(1.,0.,-0.));
#4121=AXIS2_PLACEMENT_3D('',#4118,#4119,#4120);
#4122=CYLINDRICAL_SURFACE('',#4121,2.75);
#4123=CARTESIAN_POINT('',(71.05,30.8,28.5));
#4124=VERTEX_POINT('',#4123);
#4125=CARTESIAN_POINT('',(71.05,30.8,30.));
#4126=DIRECTION('',(-0.,-0.,-1.));
#4127=VECTOR('',#4126,1.5);
#4128=LINE('',#4125,#4127);
#4129=EDGE_CURVE('',#924,#4124,#4128,.T.);
#4130=ORIENTED_EDGE('',*,*,#4129,.T.);
#4131=CARTESIAN_POINT('',(65.55,30.8,28.5));
#4132=VERTEX_POINT('',#4131);
#4133=CARTESIAN_POINT('',(68.3,30.8,28.5));
#4134=DIRECTION('',(0.,0.,-1.));
#4135=DIRECTION('',(-1.,0.,0.));
#4136=AXIS2_PLACEMENT_3D('',#4133,#4134,#4135);
#4137=CIRCLE('',#4136,2.75);
#4138=EDGE_CURVE('',#4132,#4124,#4137,.T.);
#4139=ORIENTED_EDGE('',*,*,#4138,.F.);
#4140=CARTESIAN_POINT('',(68.3,30.8,28.5));
#4141=DIRECTION('',(0.,0.,-1.));
#4142=DIRECTION('',(-1.,0.,0.));
#4143=AXIS2_PLACEMENT_3D('',#4140,#4141,#4142);
#4144=CIRCLE('',#4143,2.75);
#4145=EDGE_CURVE('',#4124,#4132,#4144,.T.);
#4146=ORIENTED_EDGE('',*,*,#4145,.F.);
#4147=ORIENTED_EDGE('',*,*,#4129,.F.);
#4148=ORIENTED_EDGE('',*,*,#930,.T.);
#4149=EDGE_LOOP('',(#4130,#4139,#4146,#4147,#4148));
#4150=FACE_BOUND('',#4149,.T.);
#4151=ADVANCED_FACE('',(#4150),#4122,.T.);
#4152=CARTESIAN_POINT('',(0.,0.,28.5));
#4153=DIRECTION('',(0.,0.,-1.));
#4154=DIRECTION('',(0.,-1.,0.));
#4155=AXIS2_PLACEMENT_3D('',#4152,#4153,#4154);
#4156=PLANE('',#4155);
#4157=ORIENTED_EDGE('',*,*,#4106,.F.);
#4158=ORIENTED_EDGE('',*,*,#4113,.F.);
#4159=EDGE_LOOP('',(#4157,#4158));
#4160=FACE_BOUND('',#4159,.T.);
#4161=ORIENTED_EDGE('',*,*,#4138,.T.);
#4162=ORIENTED_EDGE('',*,*,#4145,.T.);
#4163=EDGE_LOOP('',(#4161,#4162));
#4164=FACE_BOUND('',#4163,.T.);
#4165=ADVANCED_FACE('',(#4160,#4164),#4156,.T.);
#4166=CARTESIAN_POINT('',(0.,0.,32.));
#4167=DIRECTION('',(0.,0.,-1.));
#4168=DIRECTION('',(0.,-1.,0.));
#4169=AXIS2_PLACEMENT_3D('',#4166,#4167,#4168);
#4170=PLANE('',#4169);
#4171=ORIENTED_EDGE('',*,*,#4089,.T.);
#4172=ORIENTED_EDGE('',*,*,#4096,.T.);
#4173=EDGE_LOOP('',(#4171,#4172));
#4174=FACE_BOUND('',#4173,.T.);
#4175=ADVANCED_FACE('',(#4174),#4170,.T.);
#4176=CARTESIAN_POINT('',(68.3,82.,28.));
#4177=DIRECTION('',(0.,0.,1.));
#4178=DIRECTION('',(1.,0.,-0.));
#4179=AXIS2_PLACEMENT_3D('',#4176,#4177,#4178);
#4180=CYLINDRICAL_SURFACE('',#4179,2.75);
#4181=CARTESIAN_POINT('',(71.05,82.,28.5));
#4182=VERTEX_POINT('',#4181);
#4183=CARTESIAN_POINT('',(71.05,82.,30.));
#4184=DIRECTION('',(-0.,-0.,-1.));
#4185=VECTOR('',#4184,1.5);
#4186=LINE('',#4183,#4185);
#4187=EDGE_CURVE('',#913,#4182,#4186,.T.);
#4188=ORIENTED_EDGE('',*,*,#4187,.T.);
#4189=CARTESIAN_POINT('',(65.55,82.,28.5));
#4190=VERTEX_POINT('',#4189);
#4191=CARTESIAN_POINT('',(68.3,82.,28.5));
#4192=DIRECTION('',(0.,0.,-1.));
#4193=DIRECTION('',(-1.,0.,0.));
#4194=AXIS2_PLACEMENT_3D('',#4191,#4192,#4193);
#4195=CIRCLE('',#4194,2.75);
#4196=EDGE_CURVE('',#4190,#4182,#4195,.T.);
#4197=ORIENTED_EDGE('',*,*,#4196,.F.);
#4198=CARTESIAN_POINT('',(68.3,82.,28.5));
#4199=DIRECTION('',(0.,0.,-1.));
#4200=DIRECTION('',(-1.,0.,0.));
#4201=AXIS2_PLACEMENT_3D('',#4198,#4199,#4200);
#4202=CIRCLE('',#4201,2.75);
#4203=EDGE_CURVE('',#4182,#4190,#4202,.T.);
#4204=ORIENTED_EDGE('',*,*,#4203,.F.);
#4205=ORIENTED_EDGE('',*,*,#4187,.F.);
#4206=ORIENTED_EDGE('',*,*,#919,.T.);
#4207=EDGE_LOOP('',(#4188,#4197,#4204,#4205,#4206));
#4208=FACE_BOUND('',#4207,.T.);
#4209=ADVANCED_FACE('',(#4208),#4180,.T.);
#4210=CARTESIAN_POINT('',(0.,0.,28.5));
#4211=DIRECTION('',(0.,0.,-1.));
#4212=DIRECTION('',(0.,-1.,0.));
#4213=AXIS2_PLACEMENT_3D('',#4210,#4211,#4212);
#4214=PLANE('',#4213);
#4215=CARTESIAN_POINT('',(66.55,82.,28.5));
#4216=VERTEX_POINT('',#4215);
#4217=CARTESIAN_POINT('',(68.3,82.,28.5));
#4218=DIRECTION('',(0.,0.,-1.));
#4219=DIRECTION('',(-1.,0.,0.));
#4220=AXIS2_PLACEMENT_3D('',#4217,#4218,#4219);
#4221=CIRCLE('',#4220,1.75);
#4222=EDGE_CURVE('',#4216,#4216,#4221,.T.);
#4223=ORIENTED_EDGE('',*,*,#4222,.F.);
#4224=EDGE_LOOP('',(#4223));
#4225=FACE_BOUND('',#4224,.T.);
#4226=ORIENTED_EDGE('',*,*,#4196,.T.);
#4227=ORIENTED_EDGE('',*,*,#4203,.T.);
#4228=EDGE_LOOP('',(#4226,#4227));
#4229=FACE_BOUND('',#4228,.T.);
#4230=ADVANCED_FACE('',(#4225,#4229),#4214,.T.);
#4231=CARTESIAN_POINT('',(0.,0.,32.));
#4232=DIRECTION('',(0.,0.,-1.));
#4233=DIRECTION('',(0.,-1.,0.));
#4234=AXIS2_PLACEMENT_3D('',#4231,#4232,#4233);
#4235=PLANE('',#4234);
#4236=CARTESIAN_POINT('',(66.55,82.,32.));
#4237=VERTEX_POINT('',#4236);
#4238=CARTESIAN_POINT('',(68.3,82.,32.));
#4239=DIRECTION('',(0.,0.,-1.));
#4240=DIRECTION('',(-1.,0.,0.));
#4241=AXIS2_PLACEMENT_3D('',#4238,#4239,#4240);
#4242=CIRCLE('',#4241,1.75);
#4243=EDGE_CURVE('',#4237,#4237,#4242,.T.);
#4244=ORIENTED_EDGE('',*,*,#4243,.T.);
#4245=EDGE_LOOP('',(#4244));
#4246=FACE_BOUND('',#4245,.T.);
#4247=ADVANCED_FACE('',(#4246),#4235,.T.);
#4248=CARTESIAN_POINT('',(68.3,82.,31.));
#4249=DIRECTION('',(0.,0.,-1.));
#4250=DIRECTION('',(-1.,0.,0.));
#4251=AXIS2_PLACEMENT_3D('',#4248,#4249,#4250);
#4252=CYLINDRICAL_SURFACE('',#4251,1.75);
#4253=CARTESIAN_POINT('',(66.55,82.,28.5));
#4254=DIRECTION('',(-0.,-0.,1.));
#4255=VECTOR('',#4254,3.5);
#4256=LINE('',#4253,#4255);
#4257=EDGE_CURVE('',#4216,#4237,#4256,.T.);
#4258=ORIENTED_EDGE('',*,*,#4257,.F.);
#4259=ORIENTED_EDGE('',*,*,#4222,.T.);
#4260=ORIENTED_EDGE('',*,*,#4257,.T.);
#4261=ORIENTED_EDGE('',*,*,#4243,.F.);
#4262=EDGE_LOOP('',(#4258,#4259,#4260,#4261));
#4263=FACE_BOUND('',#4262,.T.);
#4264=ADVANCED_FACE('',(#4263),#4252,.F.);
#4265=CARTESIAN_POINT('',(83.535734677,32.214933888,30.));
#4266=CARTESIAN_POINT('',(83.737194964,31.992793531,30.));
#4267=CARTESIAN_POINT('',(83.966440087,31.747053067,30.));
#4268=CARTESIAN_POINT('',(84.485655062,31.235413119,30.));
#4269=CARTESIAN_POINT('',(84.738670607,31.008799374,30.));
#4270=CARTESIAN_POINT('',(85.553084262,30.255784578,30.));
#4271=CARTESIAN_POINT('',(86.055032017,29.791678796,30.));
#4272=CARTESIAN_POINT('',(86.572148883,29.313547505,30.));
#4273=CARTESIAN_POINT('',(81.308045579,30.205746095,33.));
#4274=CARTESIAN_POINT('',(81.529102834,29.962244938,33.));
#4275=CARTESIAN_POINT('',(81.814114711,29.656171704,33.));
#4276=CARTESIAN_POINT('',(82.437865012,29.041521533,33.));
#4277=CARTESIAN_POINT('',(82.702007969,28.806072587,33.));
#4278=CARTESIAN_POINT('',(83.516421623,28.053057791,33.));
#4279=CARTESIAN_POINT('',(84.018369378,27.588952009,33.));
#4280=CARTESIAN_POINT('',(84.535486245,27.110820718,33.));
#4281=B_SPLINE_SURFACE_WITH_KNOTS('',1,3,((#4265,#4266,#4267,#4268,#4269,#4270,#4271,#4272),(#4273,#4274,#4275,#4276,#4277,#4278,#4279,#4280)),.UNSPECIFIED.,.F.,.F.,.U.,(2,2),(4,2,2,4),(0.,1.),(0.03553296,0.243052302,0.50055152,0.969113743),.UNSPECIFIED.);
#4282=ORIENTED_EDGE('',*,*,#2710,.F.);
#4283=ORIENTED_EDGE('',*,*,#1651,.F.);
#4284=ORIENTED_EDGE('',*,*,#2728,.F.);
#4285=ORIENTED_EDGE('',*,*,#1117,.F.);
#4286=EDGE_LOOP('',(#4282,#4283,#4284,#4285));
#4287=FACE_BOUND('',#4286,.T.);
#4288=ADVANCED_FACE('',(#4287),#4281,.T.);
#4289=CARTESIAN_POINT('',(94.482940659,28.281599996,30.));
#4290=CARTESIAN_POINT('',(94.836091835,28.413913438,30.));
#4291=CARTESIAN_POINT('',(95.15495601,28.533380735,30.));
#4292=CARTESIAN_POINT('',(95.618504088,28.70705605,30.));
#4293=CARTESIAN_POINT('',(95.687639148,28.733745323,30.));
#4294=CARTESIAN_POINT('',(95.880875236,28.811682997,30.));
#4295=CARTESIAN_POINT('',(95.985011067,28.85542427,30.));
#4296=CARTESIAN_POINT('',(96.249224394,28.971357145,30.));
#4297=CARTESIAN_POINT('',(96.399181966,29.042727631,30.));
#4298=CARTESIAN_POINT('',(96.535477315,29.109237112,30.));
#4299=CARTESIAN_POINT('',(95.535486245,25.472303325,33.));
#4300=CARTESIAN_POINT('',(95.888637421,25.604616766,33.));
#4301=CARTESIAN_POINT('',(96.207501596,25.724084063,33.));
#4302=CARTESIAN_POINT('',(96.671049674,25.897759378,33.));
#4303=CARTESIAN_POINT('',(96.782943574,25.94069211,33.));
#4304=CARTESIAN_POINT('',(97.02987364,26.040286119,33.));
#4305=CARTESIAN_POINT('',(97.162707943,26.096086206,33.));
#4306=CARTESIAN_POINT('',(97.499029253,26.243658991,33.));
#4307=CARTESIAN_POINT('',(97.700300719,26.339647404,33.));
#4308=CARTESIAN_POINT('',(97.854818122,26.414964984,33.));
#4309=B_SPLINE_SURFACE_WITH_KNOTS('',1,3,((#4289,#4290,#4291,#4292,#4293,#4294,#4295,#4296,#4297,#4298),(#4299,#4300,#4301,#4302,#4303,#4304,#4305,#4306,#4307,#4308)),.UNSPECIFIED.,.F.,.F.,.U.,(2,2),(4,2,2,2,4),(0.,1.),(0.043047563,0.499498859,0.624666251,0.749833644,0.950238472),.UNSPECIFIED.);
#4310=ORIENTED_EDGE('',*,*,#2548,.F.);
#4311=ORIENTED_EDGE('',*,*,#1753,.F.);
#4312=ORIENTED_EDGE('',*,*,#2513,.F.);
#4313=ORIENTED_EDGE('',*,*,#1334,.F.);
#4314=EDGE_LOOP('',(#4310,#4311,#4312,#4313));
#4315=FACE_BOUND('',#4314,.T.);
#4316=ADVANCED_FACE('',(#4315),#4309,.T.);
#4317=CARTESIAN_POINT('',(97.498823607,29.313547505,30.));
#4318=CARTESIAN_POINT('',(98.015940473,29.791678795,30.));
#4319=CARTESIAN_POINT('',(98.517888229,30.255784578,30.));
#4320=CARTESIAN_POINT('',(99.332301883,31.008799374,30.));
#4321=CARTESIAN_POINT('',(99.585317428,31.235413119,30.));
#4322=CARTESIAN_POINT('',(100.104560325,31.747080582,30.));
#4323=CARTESIAN_POINT('',(100.333832777,31.992852758,30.));
#4324=CARTESIAN_POINT('',(100.535310644,32.215014195,30.));
#4325=CARTESIAN_POINT('',(99.535486245,27.110820718,33.));
#4326=CARTESIAN_POINT('',(100.052603112,27.588952009,33.));
#4327=CARTESIAN_POINT('',(100.554550867,28.053057791,33.));
#4328=CARTESIAN_POINT('',(101.368964521,28.806072587,33.));
#4329=CARTESIAN_POINT('',(101.633107478,29.041521533,33.));
#4330=CARTESIAN_POINT('',(102.256891323,29.656204758,33.));
#4331=CARTESIAN_POINT('',(102.541938348,29.962318706,33.));
#4332=CARTESIAN_POINT('',(102.763006825,30.205834123,33.));
#4333=B_SPLINE_SURFACE_WITH_KNOTS('',1,3,((#4317,#4318,#4319,#4320,#4321,#4322,#4323,#4324),(#4325,#4326,#4327,#4328,#4329,#4330,#4331,#4332)),.UNSPECIFIED.,.F.,.F.,.U.,(2,2),(4,2,2,4),(0.,1.),(0.030886258,0.49944848,0.756947698,0.964492048),.UNSPECIFIED.);
#4334=ORIENTED_EDGE('',*,*,#2309,.F.);
#4335=ORIENTED_EDGE('',*,*,#1889,.F.);
#4336=ORIENTED_EDGE('',*,*,#2274,.F.);
#4337=ORIENTED_EDGE('',*,*,#1229,.F.);
#4338=EDGE_LOOP('',(#4334,#4335,#4336,#4337));
#4339=FACE_BOUND('',#4338,.T.);
#4340=ADVANCED_FACE('',(#4339),#4333,.T.);
#4341=CARTESIAN_POINT('',(84.950122305,64.89125573,30.));
#4342=CARTESIAN_POINT('',(84.366382083,64.099531961,30.));
#4343=CARTESIAN_POINT('',(83.793775109,63.322908155,30.));
#4344=CARTESIAN_POINT('',(82.88083475,62.084691985,30.));
#4345=CARTESIAN_POINT('',(82.575053622,61.683700954,30.));
#4346=CARTESIAN_POINT('',(82.010884155,60.874899659,30.));
#4347=CARTESIAN_POINT('',(81.756372979,60.470461216,30.));
#4348=CARTESIAN_POINT('',(81.53602568,60.107196097,30.));
#4349=CARTESIAN_POINT('',(82.535486243,66.671573872,33.));
#4350=CARTESIAN_POINT('',(81.951746022,65.879850103,33.));
#4351=CARTESIAN_POINT('',(81.379139047,65.103226298,33.));
#4352=CARTESIAN_POINT('',(80.466198688,63.865010128,33.));
#4353=CARTESIAN_POINT('',(80.166346131,63.474325442,33.));
#4354=CARTESIAN_POINT('',(79.508479678,62.53119882,33.));
#4355=CARTESIAN_POINT('',(79.203567185,62.045696227,33.));
#4356=CARTESIAN_POINT('',(78.965581269,61.653804629,33.));
#4357=B_SPLINE_SURFACE_WITH_KNOTS('',1,3,((#4341,#4342,#4343,#4344,#4345,#4346,#4347,#4348),(#4349,#4350,#4351,#4352,#4353,#4354,#4355,#4356)),.UNSPECIFIED.,.F.,.F.,.U.,(2,2),(4,2,2,4),(0.,1.),(0.028208571,0.499457915,0.758505013,0.967746722),.UNSPECIFIED.);
#4358=ORIENTED_EDGE('',*,*,#2370,.F.);
#4359=ORIENTED_EDGE('',*,*,#1855,.F.);
#4360=ORIENTED_EDGE('',*,*,#2335,.F.);
#4361=ORIENTED_EDGE('',*,*,#1067,.F.);
#4362=EDGE_LOOP('',(#4358,#4359,#4360,#4361));
#4363=FACE_BOUND('',#4362,.T.);
#4364=ADVANCED_FACE('',(#4363),#4357,.T.);
#4365=CARTESIAN_POINT('',(102.534846183,60.107361988,30.));
#4366=CARTESIAN_POINT('',(102.314522028,60.470584342,30.));
#4367=CARTESIAN_POINT('',(102.060049963,60.874954669,30.));
#4368=CARTESIAN_POINT('',(101.495918868,61.683700953,30.));
#4369=CARTESIAN_POINT('',(101.19013774,62.084691985,30.));
#4370=CARTESIAN_POINT('',(100.277197381,63.322908155,30.));
#4371=CARTESIAN_POINT('',(99.704590406,64.09953196,30.));
#4372=CARTESIAN_POINT('',(99.120850185,64.891255729,30.));
#4373=CARTESIAN_POINT('',(105.105282538,61.653983597,33.));
#4374=CARTESIAN_POINT('',(104.867312478,62.045844032,33.));
#4375=CARTESIAN_POINT('',(104.562448067,62.531262967,33.));
#4376=CARTESIAN_POINT('',(103.904626359,63.474325442,33.));
#4377=CARTESIAN_POINT('',(103.604773802,63.865010127,33.));
#4378=CARTESIAN_POINT('',(102.691833443,65.103226298,33.));
#4379=CARTESIAN_POINT('',(102.119226468,65.879850103,33.));
#4380=CARTESIAN_POINT('',(101.535486247,66.671573872,33.));
#4381=B_SPLINE_SURFACE_WITH_KNOTS('',1,3,((#4365,#4366,#4367,#4368,#4369,#4370,#4371,#4372),(#4373,#4374,#4375,#4376,#4377,#4378,#4379,#4380)),.UNSPECIFIED.,.F.,.F.,.U.,(2,2),(4,2,2,4),(0.,1.),(0.032285129,0.241494987,0.500542085,0.971791429),.UNSPECIFIED.);
#4382=ORIENTED_EDGE('',*,*,#2232,.F.);
#4383=ORIENTED_EDGE('',*,*,#1923,.F.);
#4384=ORIENTED_EDGE('',*,*,#2250,.F.);
#4385=ORIENTED_EDGE('',*,*,#1209,.F.);
#4386=EDGE_LOOP('',(#4382,#4383,#4384,#4385));
#4387=FACE_BOUND('',#4386,.T.);
#4388=ADVANCED_FACE('',(#4387),#4381,.T.);
#4389=CARTESIAN_POINT('',(79.535655233,39.418307572,30.));
#4390=CARTESIAN_POINT('',(79.615398853,39.174197488,30.));
#4391=CARTESIAN_POINT('',(79.695217207,38.936309627,30.));
#4392=CARTESIAN_POINT('',(79.94139017,38.253393159,30.));
#4393=CARTESIAN_POINT('',(80.102521878,37.844093563,30.));
#4394=CARTESIAN_POINT('',(80.354390275,37.253892542,30.));
#4395=CARTESIAN_POINT('',(80.437909848,37.066023392,30.));
#4396=CARTESIAN_POINT('',(80.602913925,36.707571582,30.));
#4397=CARTESIAN_POINT('',(80.703001972,36.49179873,30.));
#4398=CARTESIAN_POINT('',(80.962946353,35.929560118,30.));
#4399=CARTESIAN_POINT('',(81.138994982,35.548781213,30.));
#4400=CARTESIAN_POINT('',(81.971257517,33.748664852,30.));
#4401=CARTESIAN_POINT('',(82.61012467,32.366847018,30.));
#4402=CARTESIAN_POINT('',(83.25853522,30.96438759,30.));
#4403=CARTESIAN_POINT('',(76.683202331,38.489101609,33.));
#4404=CARTESIAN_POINT('',(76.768666325,38.227603445,33.));
#4405=CARTESIAN_POINT('',(76.860788738,37.952791537,33.));
#4406=CARTESIAN_POINT('',(77.13844995,37.182522497,33.));
#4407=CARTESIAN_POINT('',(77.320661413,36.719562379,33.));
#4408=CARTESIAN_POINT('',(77.606443541,36.049891605,33.));
#4409=CARTESIAN_POINT('',(77.701362544,35.836367494,33.));
#4410=CARTESIAN_POINT('',(77.889189759,35.428335115,33.));
#4411=CARTESIAN_POINT('',(77.979952996,35.232829202,33.));
#4412=CARTESIAN_POINT('',(78.239897376,34.670590589,33.));
#4413=CARTESIAN_POINT('',(78.415946005,34.289811684,33.));
#4414=CARTESIAN_POINT('',(79.248208541,32.489695323,33.));
#4415=CARTESIAN_POINT('',(79.887075694,31.10787749,33.));
#4416=CARTESIAN_POINT('',(80.535486244,29.705418062,33.));
#4417=B_SPLINE_SURFACE_WITH_KNOTS('',1,3,((#4389,#4390,#4391,#4392,#4393,#4394,#4395,#4396,#4397,#4398,#4399,#4400,#4401,#4402),(#4403,#4404,#4405,#4406,#4407,#4408,#4409,#4410,#4411,#4412,#4413,#4414,#4415,#4416)),.UNSPECIFIED.,.F.,.F.,.U.,(2,2),(4,2,2,2,2,2,4),(0.,1.),(0.029253136,0.111244624,0.241013469,0.305897891,0.370782314,0.500551159,0.972635794),.UNSPECIFIED.);
#4418=ORIENTED_EDGE('',*,*,#2773,.F.);
#4419=ORIENTED_EDGE('',*,*,#1617,.F.);
#4420=ORIENTED_EDGE('',*,*,#2791,.F.);
#4421=ORIENTED_EDGE('',*,*,#1152,.F.);
#4422=EDGE_LOOP('',(#4418,#4419,#4420,#4421));
#4423=FACE_BOUND('',#4422,.T.);
#4424=ADVANCED_FACE('',(#4423),#4417,.T.);
#4425=CARTESIAN_POINT('',(90.995419697,66.986141116,30.));
#4426=CARTESIAN_POINT('',(90.742294074,66.947132337,30.));
#4427=CARTESIAN_POINT('',(90.532730866,66.917035012,30.));
#4428=CARTESIAN_POINT('',(90.037325562,66.826386069,30.));
#4429=CARTESIAN_POINT('',(89.746995406,66.758472332,30.));
#4430=CARTESIAN_POINT('',(89.535488383,66.704375926,30.));
#4431=CARTESIAN_POINT('',(90.535486245,69.950704448,33.));
#4432=CARTESIAN_POINT('',(90.291021257,69.913216109,33.));
#4433=CARTESIAN_POINT('',(90.068405281,69.88188171,33.));
#4434=CARTESIAN_POINT('',(89.422828863,69.763754531,33.));
#4435=CARTESIAN_POINT('',(89.032105329,69.671935874,33.));
#4436=CARTESIAN_POINT('',(88.782462656,69.608269142,33.));
#4437=B_SPLINE_SURFACE_WITH_KNOTS('',1,3,((#4425,#4426,#4427,#4428,#4429,#4430),(#4431,#4432,#4433,#4434,#4435,#4436)),.UNSPECIFIED.,.F.,.F.,.U.,(2,2),(4,2,4),(0.,1.),(0.059029648,0.498654057,0.931748534),.UNSPECIFIED.);
#4438=ORIENTED_EDGE('',*,*,#2489,.F.);
#4439=ORIENTED_EDGE('',*,*,#1787,.F.);
#4440=ORIENTED_EDGE('',*,*,#2454,.F.);
#4441=ORIENTED_EDGE('',*,*,#1299,.F.);
#4442=EDGE_LOOP('',(#4438,#4439,#4440,#4441));
#4443=FACE_BOUND('',#4442,.T.);
#4444=ADVANCED_FACE('',(#4443),#4437,.T.);
#4445=CARTESIAN_POINT('',(100.81243727,30.96438759,30.));
#4446=CARTESIAN_POINT('',(101.46084782,32.366847018,30.));
#4447=CARTESIAN_POINT('',(102.099714973,33.748664852,30.));
#4448=CARTESIAN_POINT('',(102.931977508,35.548781212,30.));
#4449=CARTESIAN_POINT('',(103.108026137,35.929560117,30.));
#4450=CARTESIAN_POINT('',(103.367970518,36.49179873,30.));
#4451=CARTESIAN_POINT('',(103.468058565,36.707571581,30.));
#4452=CARTESIAN_POINT('',(103.633062642,37.066023392,30.));
#4453=CARTESIAN_POINT('',(103.716582215,37.253892542,30.));
#4454=CARTESIAN_POINT('',(103.968450612,37.844093563,30.));
#4455=CARTESIAN_POINT('',(104.12958232,38.253393159,30.));
#4456=CARTESIAN_POINT('',(104.375758711,38.936319135,30.));
#4457=CARTESIAN_POINT('',(104.455579378,39.174214597,30.));
#4458=CARTESIAN_POINT('',(104.53532586,39.418333908,30.));
#4459=CARTESIAN_POINT('',(103.535486246,29.705418061,33.));
#4460=CARTESIAN_POINT('',(104.183896796,31.10787749,33.));
#4461=CARTESIAN_POINT('',(104.822763949,32.489695323,33.));
#4462=CARTESIAN_POINT('',(105.655026485,34.289811684,33.));
#4463=CARTESIAN_POINT('',(105.831075114,34.670590589,33.));
#4464=CARTESIAN_POINT('',(106.091019494,35.232829201,33.));
#4465=CARTESIAN_POINT('',(106.181782731,35.428335114,33.));
#4466=CARTESIAN_POINT('',(106.369609946,35.836367493,33.));
#4467=CARTESIAN_POINT('',(106.464528949,36.049891605,33.));
#4468=CARTESIAN_POINT('',(106.750311077,36.719562379,33.));
#4469=CARTESIAN_POINT('',(106.93252254,37.182522497,33.));
#4470=CARTESIAN_POINT('',(107.210187619,37.952802261,33.));
#4471=CARTESIAN_POINT('',(107.302312791,38.22762321,33.));
#4472=CARTESIAN_POINT('',(107.387779379,38.48912982,33.));
#4473=B_SPLINE_SURFACE_WITH_KNOTS('',1,3,((#4445,#4446,#4447,#4448,#4449,#4450,#4451,#4452,#4453,#4454,#4455,#4456,#4457,#4458),(#4459,#4460,#4461,#4462,#4463,#4464,#4465,#4466,#4467,#4468,#4469,#4470,#4471,#4472)),.UNSPECIFIED.,.F.,.F.,.U.,(2,2),(4,2,2,2,2,2,4),(0.,1.),(0.027364206,0.499448841,0.629217686,0.694102109,0.758986531,0.888755376,0.970749813),.UNSPECIFIED.);
#4474=ORIENTED_EDGE('',*,*,#2852,.F.);
#4475=ORIENTED_EDGE('',*,*,#1583,.F.);
#4476=ORIENTED_EDGE('',*,*,#2817,.F.);
#4477=ORIENTED_EDGE('',*,*,#1404,.F.);
#4478=EDGE_LOOP('',(#4474,#4475,#4476,#4477));
#4479=FACE_BOUND('',#4478,.T.);
#4480=ADVANCED_FACE('',(#4479),#4473,.T.);
#4481=CARTESIAN_POINT('',(91.535489163,28.044231728,30.));
#4482=CARTESIAN_POINT('',(91.815332029,28.032286001,30.));
#4483=CARTESIAN_POINT('',(92.255644481,28.032286042,30.));
#4484=CARTESIAN_POINT('',(92.535486236,28.044231852,30.));
#4485=CARTESIAN_POINT('',(91.389324734,25.047879476,33.));
#4486=CARTESIAN_POINT('',(91.726452913,25.034018081,33.));
#4487=CARTESIAN_POINT('',(92.344525027,25.034018129,33.));
#4488=CARTESIAN_POINT('',(92.68165126,25.04787962,33.));
#4489=B_SPLINE_SURFACE_WITH_KNOTS('',1,3,((#4481,#4482,#4483,#4484),(#4485,#4486,#4487,#4488)),.UNSPECIFIED.,.F.,.F.,.U.,(2,2),(4,4),(0.,1.),(0.09204853,0.907954296),.UNSPECIFIED.);
#4490=ORIENTED_EDGE('',*,*,#2590,.F.);
#4491=ORIENTED_EDGE('',*,*,#1719,.F.);
#4492=ORIENTED_EDGE('',*,*,#2608,.F.);
#4493=ORIENTED_EDGE('',*,*,#1384,.F.);
#4494=EDGE_LOOP('',(#4490,#4491,#4492,#4493));
#4495=FACE_BOUND('',#4494,.T.);
#4496=ADVANCED_FACE('',(#4495),#4489,.T.);
#4497=CARTESIAN_POINT('',(94.535467524,66.704380167,30.));
#4498=CARTESIAN_POINT('',(94.323961909,66.758475882,30.));
#4499=CARTESIAN_POINT('',(94.033640503,66.826387244,30.));
#4500=CARTESIAN_POINT('',(93.538241624,66.917035012,30.));
#4501=CARTESIAN_POINT('',(93.328678416,66.947132337,30.));
#4502=CARTESIAN_POINT('',(93.075552793,66.986141116,30.));
#4503=CARTESIAN_POINT('',(95.288490262,69.608274134,33.));
#4504=CARTESIAN_POINT('',(95.038846738,69.671940673,33.));
#4505=CARTESIAN_POINT('',(94.648135254,69.763756063,33.));
#4506=CARTESIAN_POINT('',(94.002567209,69.881881709,33.));
#4507=CARTESIAN_POINT('',(93.779951233,69.913216109,33.));
#4508=CARTESIAN_POINT('',(93.535486245,69.950704448,33.));
#4509=B_SPLINE_SURFACE_WITH_KNOTS('',1,3,((#4497,#4498,#4499,#4500,#4501,#4502),(#4503,#4504,#4505,#4506,#4507,#4508)),.UNSPECIFIED.,.F.,.F.,.U.,(2,2),(4,2,4),(0.,1.),(0.068262785,0.501345943,0.940970352),.UNSPECIFIED.);
#4510=ORIENTED_EDGE('',*,*,#2894,.F.);
#4511=ORIENTED_EDGE('',*,*,#1549,.F.);
#4512=ORIENTED_EDGE('',*,*,#2912,.F.);
#4513=ORIENTED_EDGE('',*,*,#1454,.F.);
#4514=EDGE_LOOP('',(#4510,#4511,#4512,#4513));
#4515=FACE_BOUND('',#4514,.T.);
#4516=ADVANCED_FACE('',(#4515),#4509,.T.);
#4517=CARTESIAN_POINT('',(98.535391116,64.706594865,30.));
#4518=CARTESIAN_POINT('',(98.363165572,64.836493412,30.));
#4519=CARTESIAN_POINT('',(98.167553003,64.980384929,30.));
#4520=CARTESIAN_POINT('',(97.717372445,65.286477663,30.));
#4521=CARTESIAN_POINT('',(97.497942863,65.420570464,30.));
#4522=CARTESIAN_POINT('',(96.837135094,65.830738998,30.));
#4523=CARTESIAN_POINT('',(96.3843165,66.111807031,30.));
#4524=CARTESIAN_POINT('',(95.953364271,66.37930244,30.));
#4525=CARTESIAN_POINT('',(100.34718336,67.097618944,33.));
#4526=CARTESIAN_POINT('',(100.154913789,67.2424824,33.));
#4527=CARTESIAN_POINT('',(99.902160504,67.428746963,33.));
#4528=CARTESIAN_POINT('',(99.344654314,67.807813965,33.));
#4529=CARTESIAN_POINT('',(99.08006483,67.969470242,33.));
#4530=CARTESIAN_POINT('',(98.419257062,68.379638776,33.));
#4531=CARTESIAN_POINT('',(97.966438468,68.660706809,33.));
#4532=CARTESIAN_POINT('',(97.535486239,68.928202218,33.));
#4533=B_SPLINE_SURFACE_WITH_KNOTS('',1,3,((#4517,#4518,#4519,#4520,#4521,#4522,#4523,#4524),(#4525,#4526,#4527,#4528,#4529,#4530,#4531,#4532)),.UNSPECIFIED.,.F.,.F.,.U.,(2,2),(4,2,2,4),(0.,1.),(0.041103141,0.245687316,0.500546997,0.963216393),.UNSPECIFIED.);
#4534=ORIENTED_EDGE('',*,*,#2415,.F.);
#4535=ORIENTED_EDGE('',*,*,#1821,.F.);
#4536=ORIENTED_EDGE('',*,*,#2433,.F.);
#4537=ORIENTED_EDGE('',*,*,#1279,.F.);
#4538=EDGE_LOOP('',(#4534,#4535,#4536,#4537));
#4539=FACE_BOUND('',#4538,.T.);
#4540=ADVANCED_FACE('',(#4539),#4533,.T.);
#4541=CARTESIAN_POINT('',(88.117608214,66.379302436,30.));
#4542=CARTESIAN_POINT('',(87.686655986,66.111807028,30.));
#4543=CARTESIAN_POINT('',(87.233837394,65.830738997,30.));
#4544=CARTESIAN_POINT('',(86.573029627,65.420570464,30.));
#4545=CARTESIAN_POINT('',(86.353600045,65.286477663,30.));
#4546=CARTESIAN_POINT('',(85.903402164,64.980373151,30.));
#4547=CARTESIAN_POINT('',(85.707773109,64.836468543,30.));
#4548=CARTESIAN_POINT('',(85.535536724,64.706561189,30.));
#4549=CARTESIAN_POINT('',(86.535486246,68.928202215,33.));
#4550=CARTESIAN_POINT('',(86.104534018,68.660706807,33.));
#4551=CARTESIAN_POINT('',(85.651715426,68.379638775,33.));
#4552=CARTESIAN_POINT('',(84.99090766,67.969470242,33.));
#4553=CARTESIAN_POINT('',(84.726318176,67.807813965,33.));
#4554=CARTESIAN_POINT('',(84.168790533,67.428732377,33.));
#4555=CARTESIAN_POINT('',(83.916015016,67.242450207,33.));
#4556=CARTESIAN_POINT('',(83.723739285,67.097581389,33.));
#4557=B_SPLINE_SURFACE_WITH_KNOTS('',1,3,((#4541,#4542,#4543,#4544,#4545,#4546,#4547,#4548),(#4549,#4550,#4551,#4552,#4553,#4554,#4555,#4556)),.UNSPECIFIED.,.F.,.F.,.U.,(2,2),(4,2,2,4),(0.,1.),(0.036783608,0.499453003,0.754312684,0.958914539),.UNSPECIFIED.);
#4558=ORIENTED_EDGE('',*,*,#2187,.F.);
#4559=ORIENTED_EDGE('',*,*,#1957,.F.);
#4560=ORIENTED_EDGE('',*,*,#2152,.F.);
#4561=ORIENTED_EDGE('',*,*,#1032,.F.);
#4562=EDGE_LOOP('',(#4558,#4559,#4560,#4561));
#4563=FACE_BOUND('',#4562,.T.);
#4564=ADVANCED_FACE('',(#4563),#4557,.T.);
#4565=CARTESIAN_POINT('',(87.535514005,29.109227924,30.));
#4566=CARTESIAN_POINT('',(87.671804336,29.042721058,30.));
#4567=CARTESIAN_POINT('',(87.821755585,28.971353859,30.));
#4568=CARTESIAN_POINT('',(88.085961423,28.855424271,30.));
#4569=CARTESIAN_POINT('',(88.190097254,28.811682997,30.));
#4570=CARTESIAN_POINT('',(88.383333342,28.733745323,30.));
#4571=CARTESIAN_POINT('',(88.452468402,28.70705605,30.));
#4572=CARTESIAN_POINT('',(88.91601648,28.533380735,30.));
#4573=CARTESIAN_POINT('',(89.234880655,28.413913438,30.));
#4574=CARTESIAN_POINT('',(89.588031831,28.281599996,30.));
#4575=CARTESIAN_POINT('',(86.216175715,26.414954578,33.));
#4576=CARTESIAN_POINT('',(86.370690308,26.339638564,33.));
#4577=CARTESIAN_POINT('',(86.57195277,26.243654808,33.));
#4578=CARTESIAN_POINT('',(86.908264547,26.096086207,33.));
#4579=CARTESIAN_POINT('',(87.04109885,26.040286119,33.));
#4580=CARTESIAN_POINT('',(87.288028916,25.94069211,33.));
#4581=CARTESIAN_POINT('',(87.399922816,25.897759378,33.));
#4582=CARTESIAN_POINT('',(87.863470894,25.724084064,33.));
#4583=CARTESIAN_POINT('',(88.182335069,25.604616766,33.));
#4584=CARTESIAN_POINT('',(88.535486245,25.472303325,33.));
#4585=B_SPLINE_SURFACE_WITH_KNOTS('',1,3,((#4565,#4566,#4567,#4568,#4569,#4570,#4571,#4572,#4573,#4574),(#4575,#4576,#4577,#4578,#4579,#4580,#4581,#4582,#4583,#4584)),.UNSPECIFIED.,.F.,.F.,.U.,(2,2),(4,2,2,2,4),(0.,1.),(0.049770757,0.250166356,0.375333749,0.500501141,0.956952437),.UNSPECIFIED.);
#4586=ORIENTED_EDGE('',*,*,#2667,.F.);
#4587=ORIENTED_EDGE('',*,*,#812,.F.);
#4588=ORIENTED_EDGE('',*,*,#2650,.F.);
#4589=ORIENTED_EDGE('',*,*,#1685,.F.);
#4590=EDGE_LOOP('',(#4586,#4587,#4588,#4589));
#4591=FACE_BOUND('',#4590,.T.);
#4592=ADVANCED_FACE('',(#4591),#4585,.T.);
#4593=CARTESIAN_POINT('',(8.878679656,-8.878679656,24.));
#4594=DIRECTION('',(0.5,-0.5,-0.707106781));
#4595=DIRECTION('',(0.707106781,0.707106781,0.));
#4596=AXIS2_PLACEMENT_3D('',#4593,#4594,#4595);
#4597=PLANE('',#4596);
#4598=ORIENTED_EDGE('',*,*,#4003,.F.);
#4599=ORIENTED_EDGE('',*,*,#561,.F.);
#4600=ORIENTED_EDGE('',*,*,#775,.T.);
#4601=ORIENTED_EDGE('',*,*,#521,.T.);
#4602=ORIENTED_EDGE('',*,*,#3191,.F.);
#4603=CARTESIAN_POINT('',(107.893875486,90.136516173,24.));
#4604=DIRECTION('',(-0.707106781,-0.707106781,0.));
#4605=VECTOR('',#4604,2.828427125);
#4606=LINE('',#4603,#4605);
#4607=EDGE_CURVE('',#3997,#3179,#4606,.T.);
#4608=ORIENTED_EDGE('',*,*,#4607,.F.);
#4609=EDGE_LOOP('',(#4598,#4599,#4600,#4601,#4602,#4608));
#4610=FACE_BOUND('',#4609,.T.);
#4611=ADVANCED_FACE('',(#4610),#4597,.T.);
#4612=CARTESIAN_POINT('',(107.05,8.05,28.343502884));
#4613=DIRECTION('',(-0.5,-0.5,0.707106781));
#4614=DIRECTION('',(-0.707106781,0.707106781,0.));
#4615=AXIS2_PLACEMENT_3D('',#4612,#4613,#4614);
#4616=PLANE('',#4615);
#4617=ORIENTED_EDGE('',*,*,#3074,.T.);
#4618=CARTESIAN_POINT('',(101.757359313,5.,22.444365081));
#4619=DIRECTION('',(0.707106781,-0.707106781,-0.));
#4620=VECTOR('',#4619,2.828427125);
#4621=LINE('',#4618,#4620);
#4622=EDGE_CURVE('',#400,#3061,#4621,.T.);
#4623=ORIENTED_EDGE('',*,*,#4622,.F.);
#4624=ORIENTED_EDGE('',*,*,#405,.T.);
#4625=ORIENTED_EDGE('',*,*,#3209,.F.);
#4626=ORIENTED_EDGE('',*,*,#322,.F.);
#4627=ORIENTED_EDGE('',*,*,#650,.F.);
#4628=ORIENTED_EDGE('',*,*,#4043,.F.);
#4629=CARTESIAN_POINT('',(104.,8.,26.151471863));
#4630=DIRECTION('',(-0.5,-0.5,0.707106781));
#4631=DIRECTION('',(0.5,0.5,0.707106781));
#4632=AXIS2_PLACEMENT_3D('',#4629,#4630,#4631);
#4633=ELLIPSE('',#4632,7.071067812,5.);
#4634=EDGE_CURVE('',#3069,#4031,#4633,.T.);
#4635=ORIENTED_EDGE('',*,*,#4634,.F.);
#4636=EDGE_LOOP('',(#4617,#4623,#4624,#4625,#4626,#4627,#4628,#4635));
#4637=FACE_BOUND('',#4636,.T.);
#4638=ADVANCED_FACE('',(#4637),#4616,.F.);
#4639=CARTESIAN_POINT('',(14.5,-1.,25.49));
#4640=DIRECTION('',(0.,1.,0.));
#4641=DIRECTION('',(0.,-0.,1.));
#4642=AXIS2_PLACEMENT_3D('',#4639,#4640,#4641);
#4643=CYLINDRICAL_SURFACE('',#4642,2.1);
#4644=CARTESIAN_POINT('',(14.5,6.,27.59));
#4645=VERTEX_POINT('',#4644);
#4646=CARTESIAN_POINT('',(14.5,6.,27.59));
#4647=DIRECTION('',(-0.,-1.,-0.));
#4648=VECTOR('',#4647,3.);
#4649=LINE('',#4646,#4648);
#4650=EDGE_CURVE('',#4645,#281,#4649,.T.);
#4651=ORIENTED_EDGE('',*,*,#4650,.F.);
#4652=CARTESIAN_POINT('',(14.5,6.,25.49));
#4653=DIRECTION('',(0.,1.,0.));
#4654=DIRECTION('',(0.,-0.,1.));
#4655=AXIS2_PLACEMENT_3D('',#4652,#4653,#4654);
#4656=CIRCLE('',#4655,2.1);
#4657=EDGE_CURVE('',#4645,#4645,#4656,.T.);
#4658=ORIENTED_EDGE('',*,*,#4657,.T.);
#4659=ORIENTED_EDGE('',*,*,#4650,.T.);
#4660=ORIENTED_EDGE('',*,*,#289,.T.);
#4661=ORIENTED_EDGE('',*,*,#296,.T.);
#4662=EDGE_LOOP('',(#4651,#4658,#4659,#4660,#4661));
#4663=FACE_BOUND('',#4662,.T.);
#4664=ADVANCED_FACE('',(#4663),#4643,.F.);
#4665=CARTESIAN_POINT('',(14.5,96.,25.5));
#4666=DIRECTION('',(0.,-1.,0.));
#4667=DIRECTION('',(0.,0.,-1.));
#4668=AXIS2_PLACEMENT_3D('',#4665,#4666,#4667);
#4669=CYLINDRICAL_SURFACE('',#4668,2.1);
#4670=CARTESIAN_POINT('',(14.5,89.,23.4));
#4671=VERTEX_POINT('',#4670);
#4672=CARTESIAN_POINT('',(14.5,89.,23.4));
#4673=DIRECTION('',(-0.,1.,-0.));
#4674=VECTOR('',#4673,3.);
#4675=LINE('',#4672,#4674);
#4676=EDGE_CURVE('',#4671,#3143,#4675,.T.);
#4677=ORIENTED_EDGE('',*,*,#4676,.F.);
#4678=CARTESIAN_POINT('',(14.5,89.,25.5));
#4679=DIRECTION('',(0.,-1.,0.));
#4680=DIRECTION('',(0.,0.,-1.));
#4681=AXIS2_PLACEMENT_3D('',#4678,#4679,#4680);
#4682=CIRCLE('',#4681,2.1);
#4683=EDGE_CURVE('',#4671,#4671,#4682,.T.);
#4684=ORIENTED_EDGE('',*,*,#4683,.T.);
#4685=ORIENTED_EDGE('',*,*,#4676,.T.);
#4686=ORIENTED_EDGE('',*,*,#3151,.T.);
#4687=ORIENTED_EDGE('',*,*,#3158,.T.);
#4688=EDGE_LOOP('',(#4677,#4684,#4685,#4686,#4687));
#4689=FACE_BOUND('',#4688,.T.);
#4690=ADVANCED_FACE('',(#4689),#4669,.F.);
#4691=CARTESIAN_POINT('',(97.5,96.,25.5));
#4692=DIRECTION('',(0.,-1.,0.));
#4693=DIRECTION('',(0.,0.,-1.));
#4694=AXIS2_PLACEMENT_3D('',#4691,#4692,#4693);
#4695=CYLINDRICAL_SURFACE('',#4694,2.1);
#4696=CARTESIAN_POINT('',(97.5,89.,23.4));
#4697=VERTEX_POINT('',#4696);
#4698=CARTESIAN_POINT('',(97.5,89.,23.4));
#4699=DIRECTION('',(-0.,1.,-0.));
#4700=VECTOR('',#4699,3.);
#4701=LINE('',#4698,#4700);
#4702=EDGE_CURVE('',#4697,#155,#4701,.T.);
#4703=ORIENTED_EDGE('',*,*,#4702,.F.);
#4704=CARTESIAN_POINT('',(97.5,89.,25.5));
#4705=DIRECTION('',(0.,-1.,0.));
#4706=DIRECTION('',(0.,0.,-1.));
#4707=AXIS2_PLACEMENT_3D('',#4704,#4705,#4706);
#4708=CIRCLE('',#4707,2.1);
#4709=EDGE_CURVE('',#4697,#4697,#4708,.T.);
#4710=ORIENTED_EDGE('',*,*,#4709,.T.);
#4711=ORIENTED_EDGE('',*,*,#4702,.T.);
#4712=ORIENTED_EDGE('',*,*,#163,.T.);
#4713=ORIENTED_EDGE('',*,*,#170,.T.);
#4714=EDGE_LOOP('',(#4703,#4710,#4711,#4712,#4713));
#4715=FACE_BOUND('',#4714,.T.);
#4716=ADVANCED_FACE('',(#4715),#4695,.F.);
#4717=CARTESIAN_POINT('',(97.5,-1.,25.5));
#4718=DIRECTION('',(0.,1.,0.));
#4719=DIRECTION('',(0.,-0.,1.));
#4720=AXIS2_PLACEMENT_3D('',#4717,#4718,#4719);
#4721=CYLINDRICAL_SURFACE('',#4720,2.1);
#4722=CARTESIAN_POINT('',(97.5,6.,27.6));
#4723=VERTEX_POINT('',#4722);
#4724=CARTESIAN_POINT('',(97.5,6.,27.6));
#4725=DIRECTION('',(-0.,-1.,-0.));
#4726=VECTOR('',#4725,3.);
#4727=LINE('',#4724,#4726);
#4728=EDGE_CURVE('',#4723,#3092,#4727,.T.);
#4729=ORIENTED_EDGE('',*,*,#4728,.F.);
#4730=CARTESIAN_POINT('',(97.5,6.,25.5));
#4731=DIRECTION('',(0.,1.,0.));
#4732=DIRECTION('',(0.,-0.,1.));
#4733=AXIS2_PLACEMENT_3D('',#4730,#4731,#4732);
#4734=CIRCLE('',#4733,2.1);
#4735=EDGE_CURVE('',#4723,#4723,#4734,.T.);
#4736=ORIENTED_EDGE('',*,*,#4735,.T.);
#4737=ORIENTED_EDGE('',*,*,#4728,.T.);
#4738=ORIENTED_EDGE('',*,*,#3100,.T.);
#4739=ORIENTED_EDGE('',*,*,#3107,.T.);
#4740=EDGE_LOOP('',(#4729,#4736,#4737,#4738,#4739));
#4741=FACE_BOUND('',#4740,.T.);
#4742=ADVANCED_FACE('',(#4741),#4721,.F.);
#4743=CARTESIAN_POINT('',(97.5,89.,25.5));
#4744=DIRECTION('',(0.,1.,0.));
#4745=DIRECTION('',(0.,-0.,1.));
#4746=AXIS2_PLACEMENT_3D('',#4743,#4744,#4745);
#4747=CYLINDRICAL_SURFACE('',#4746,3.1);
#4748=CARTESIAN_POINT('',(97.5,89.,28.6));
#4749=VERTEX_POINT('',#4748);
#4750=CARTESIAN_POINT('',(97.5,90.,28.6));
#4751=DIRECTION('',(-0.,-1.,-0.));
#4752=VECTOR('',#4751,1.);
#4753=LINE('',#4750,#4752);
#4754=EDGE_CURVE('',#449,#4749,#4753,.T.);
#4755=ORIENTED_EDGE('',*,*,#4754,.T.);
#4756=CARTESIAN_POINT('',(98.281024968,89.,22.5));
#4757=VERTEX_POINT('',#4756);
#4758=CARTESIAN_POINT('',(97.5,89.,25.5));
#4759=DIRECTION('',(0.,-1.,0.));
#4760=DIRECTION('',(0.,0.,-1.));
#4761=AXIS2_PLACEMENT_3D('',#4758,#4759,#4760);
#4762=CIRCLE('',#4761,3.1);
#4763=EDGE_CURVE('',#4757,#4749,#4762,.T.);
#4764=ORIENTED_EDGE('',*,*,#4763,.F.);
#4765=CARTESIAN_POINT('',(98.281024968,89.,22.5));
#4766=DIRECTION('',(0.,1.,0.));
#4767=VECTOR('',#4766,1.);
#4768=LINE('',#4765,#4767);
#4769=EDGE_CURVE('',#4757,#467,#4768,.T.);
#4770=ORIENTED_EDGE('',*,*,#4769,.T.);
#4771=ORIENTED_EDGE('',*,*,#473,.F.);
#4772=ORIENTED_EDGE('',*,*,#464,.F.);
#4773=EDGE_LOOP('',(#4755,#4764,#4770,#4771,#4772));
#4774=FACE_BOUND('',#4773,.T.);
#4775=ADVANCED_FACE('',(#4774),#4747,.T.);
#4776=CARTESIAN_POINT('',(56.,89.,26.));
#4777=DIRECTION('',(0.,-1.,0.));
#4778=DIRECTION('',(0.,0.,-1.));
#4779=AXIS2_PLACEMENT_3D('',#4776,#4777,#4778);
#4780=PLANE('',#4779);
#4781=CARTESIAN_POINT('',(96.718975032,89.,22.5));
#4782=VERTEX_POINT('',#4781);
#4783=CARTESIAN_POINT('',(98.281024968,89.,22.5));
#4784=DIRECTION('',(-1.,0.,0.));
#4785=VECTOR('',#4784,1.562049935);
#4786=LINE('',#4783,#4785);
#4787=EDGE_CURVE('',#4757,#4782,#4786,.T.);
#4788=ORIENTED_EDGE('',*,*,#4787,.F.);
#4789=ORIENTED_EDGE('',*,*,#4763,.T.);
#4790=CARTESIAN_POINT('',(97.5,89.,25.5));
#4791=DIRECTION('',(0.,-1.,0.));
#4792=DIRECTION('',(0.,0.,-1.));
#4793=AXIS2_PLACEMENT_3D('',#4790,#4791,#4792);
#4794=CIRCLE('',#4793,3.1);
#4795=EDGE_CURVE('',#4749,#4782,#4794,.T.);
#4796=ORIENTED_EDGE('',*,*,#4795,.T.);
#4797=EDGE_LOOP('',(#4788,#4789,#4796));
#4798=FACE_BOUND('',#4797,.T.);
#4799=ORIENTED_EDGE('',*,*,#4709,.F.);
#4800=EDGE_LOOP('',(#4799));
#4801=FACE_BOUND('',#4800,.T.);
#4802=ADVANCED_FACE('',(#4798,#4801),#4780,.T.);
#4803=CARTESIAN_POINT('',(14.5,6.,25.49));
#4804=DIRECTION('',(0.,-1.,0.));
#4805=DIRECTION('',(0.,0.,-1.));
#4806=AXIS2_PLACEMENT_3D('',#4803,#4804,#4805);
#4807=CYLINDRICAL_SURFACE('',#4806,3.1);
#4808=CARTESIAN_POINT('',(13.68152581,6.,22.5));
#4809=VERTEX_POINT('',#4808);
#4810=CARTESIAN_POINT('',(15.31847419,6.,22.5));
#4811=VERTEX_POINT('',#4810);
#4812=CARTESIAN_POINT('',(14.5,6.,25.49));
#4813=DIRECTION('',(0.,1.,0.));
#4814=DIRECTION('',(0.,-0.,1.));
#4815=AXIS2_PLACEMENT_3D('',#4812,#4813,#4814);
#4816=CIRCLE('',#4815,3.1);
#4817=EDGE_CURVE('',#4809,#4811,#4816,.T.);
#4818=ORIENTED_EDGE('',*,*,#4817,.F.);
#4819=CARTESIAN_POINT('',(13.68152581,6.,22.5));
#4820=DIRECTION('',(0.,-1.,0.));
#4821=VECTOR('',#4820,1.);
#4822=LINE('',#4819,#4821);
#4823=EDGE_CURVE('',#4809,#200,#4822,.T.);
#4824=ORIENTED_EDGE('',*,*,#4823,.T.);
#4825=ORIENTED_EDGE('',*,*,#206,.F.);
#4826=ORIENTED_EDGE('',*,*,#197,.F.);
#4827=CARTESIAN_POINT('',(15.31847419,5.,22.5));
#4828=DIRECTION('',(-0.,1.,-0.));
#4829=VECTOR('',#4828,1.);
#4830=LINE('',#4827,#4829);
#4831=EDGE_CURVE('',#181,#4811,#4830,.T.);
#4832=ORIENTED_EDGE('',*,*,#4831,.T.);
#4833=EDGE_LOOP('',(#4818,#4824,#4825,#4826,#4832));
#4834=FACE_BOUND('',#4833,.T.);
#4835=ADVANCED_FACE('',(#4834),#4807,.T.);
#4836=CARTESIAN_POINT('',(56.,6.,26.));
#4837=DIRECTION('',(0.,1.,0.));
#4838=DIRECTION('',(0.,0.,1.));
#4839=AXIS2_PLACEMENT_3D('',#4836,#4837,#4838);
#4840=PLANE('',#4839);
#4841=CARTESIAN_POINT('',(13.68152581,6.,22.5));
#4842=DIRECTION('',(1.,0.,-0.));
#4843=VECTOR('',#4842,1.63694838);
#4844=LINE('',#4841,#4843);
#4845=EDGE_CURVE('',#4809,#4811,#4844,.T.);
#4846=ORIENTED_EDGE('',*,*,#4845,.F.);
#4847=ORIENTED_EDGE('',*,*,#4817,.T.);
#4848=EDGE_LOOP('',(#4846,#4847));
#4849=FACE_BOUND('',#4848,.T.);
#4850=ORIENTED_EDGE('',*,*,#4657,.F.);
#4851=EDGE_LOOP('',(#4850));
#4852=FACE_BOUND('',#4851,.T.);
#4853=ADVANCED_FACE('',(#4849,#4852),#4840,.T.);
#4854=CARTESIAN_POINT('',(14.5,89.,25.5));
#4855=DIRECTION('',(0.,1.,0.));
#4856=DIRECTION('',(0.,-0.,1.));
#4857=AXIS2_PLACEMENT_3D('',#4854,#4855,#4856);
#4858=CYLINDRICAL_SURFACE('',#4857,3.1);
#4859=CARTESIAN_POINT('',(14.5,89.,28.6));
#4860=VERTEX_POINT('',#4859);
#4861=CARTESIAN_POINT('',(14.5,90.,28.6));
#4862=DIRECTION('',(-0.,-1.,-0.));
#4863=VECTOR('',#4862,1.);
#4864=LINE('',#4861,#4863);
#4865=EDGE_CURVE('',#61,#4860,#4864,.T.);
#4866=ORIENTED_EDGE('',*,*,#4865,.T.);
#4867=CARTESIAN_POINT('',(14.5,89.,22.4));
#4868=VERTEX_POINT('',#4867);
#4869=CARTESIAN_POINT('',(14.5,89.,25.5));
#4870=DIRECTION('',(0.,-1.,0.));
#4871=DIRECTION('',(0.,0.,-1.));
#4872=AXIS2_PLACEMENT_3D('',#4869,#4870,#4871);
#4873=CIRCLE('',#4872,3.1);
#4874=EDGE_CURVE('',#4868,#4860,#4873,.T.);
#4875=ORIENTED_EDGE('',*,*,#4874,.F.);
#4876=CARTESIAN_POINT('',(14.5,89.,25.5));
#4877=DIRECTION('',(0.,-1.,0.));
#4878=DIRECTION('',(0.,0.,-1.));
#4879=AXIS2_PLACEMENT_3D('',#4876,#4877,#4878);
#4880=CIRCLE('',#4879,3.1);
#4881=EDGE_CURVE('',#4860,#4868,#4880,.T.);
#4882=ORIENTED_EDGE('',*,*,#4881,.F.);
#4883=ORIENTED_EDGE('',*,*,#4865,.F.);
#4884=ORIENTED_EDGE('',*,*,#69,.T.);
#4885=ORIENTED_EDGE('',*,*,#76,.T.);
#4886=EDGE_LOOP('',(#4866,#4875,#4882,#4883,#4884,#4885));
#4887=FACE_BOUND('',#4886,.T.);
#4888=ADVANCED_FACE('',(#4887),#4858,.T.);
#4889=CARTESIAN_POINT('',(56.,89.,26.));
#4890=DIRECTION('',(0.,-1.,0.));
#4891=DIRECTION('',(0.,0.,-1.));
#4892=AXIS2_PLACEMENT_3D('',#4889,#4890,#4891);
#4893=PLANE('',#4892);
#4894=ORIENTED_EDGE('',*,*,#4874,.T.);
#4895=ORIENTED_EDGE('',*,*,#4881,.T.);
#4896=EDGE_LOOP('',(#4894,#4895));
#4897=FACE_BOUND('',#4896,.T.);
#4898=ORIENTED_EDGE('',*,*,#4683,.F.);
#4899=EDGE_LOOP('',(#4898));
#4900=FACE_BOUND('',#4899,.T.);
#4901=ADVANCED_FACE('',(#4897,#4900),#4893,.T.);
#4902=CARTESIAN_POINT('',(97.5,6.,25.5));
#4903=DIRECTION('',(0.,-1.,0.));
#4904=DIRECTION('',(0.,0.,-1.));
#4905=AXIS2_PLACEMENT_3D('',#4902,#4903,#4904);
#4906=CYLINDRICAL_SURFACE('',#4905,3.1);
#4907=CARTESIAN_POINT('',(96.718975032,6.,22.5));
#4908=VERTEX_POINT('',#4907);
#4909=CARTESIAN_POINT('',(98.281024968,6.,22.5));
#4910=VERTEX_POINT('',#4909);
#4911=CARTESIAN_POINT('',(97.5,6.,25.5));
#4912=DIRECTION('',(0.,1.,0.));
#4913=DIRECTION('',(0.,-0.,1.));
#4914=AXIS2_PLACEMENT_3D('',#4911,#4912,#4913);
#4915=CIRCLE('',#4914,3.1);
#4916=EDGE_CURVE('',#4908,#4910,#4915,.T.);
#4917=ORIENTED_EDGE('',*,*,#4916,.F.);
#4918=CARTESIAN_POINT('',(96.718975032,6.,22.5));
#4919=DIRECTION('',(0.,-1.,0.));
#4920=VECTOR('',#4919,1.);
#4921=LINE('',#4918,#4920);
#4922=EDGE_CURVE('',#4908,#341,#4921,.T.);
#4923=ORIENTED_EDGE('',*,*,#4922,.T.);
#4924=ORIENTED_EDGE('',*,*,#347,.F.);
#4925=ORIENTED_EDGE('',*,*,#428,.F.);
#4926=CARTESIAN_POINT('',(98.281024968,5.,22.5));
#4927=DIRECTION('',(-0.,1.,-0.));
#4928=VECTOR('',#4927,1.);
#4929=LINE('',#4926,#4928);
#4930=EDGE_CURVE('',#416,#4910,#4929,.T.);
#4931=ORIENTED_EDGE('',*,*,#4930,.T.);
#4932=EDGE_LOOP('',(#4917,#4923,#4924,#4925,#4931));
#4933=FACE_BOUND('',#4932,.T.);
#4934=ADVANCED_FACE('',(#4933),#4906,.T.);
#4935=CARTESIAN_POINT('',(56.,6.,26.));
#4936=DIRECTION('',(0.,1.,0.));
#4937=DIRECTION('',(0.,0.,1.));
#4938=AXIS2_PLACEMENT_3D('',#4935,#4936,#4937);
#4939=PLANE('',#4938);
#4940=CARTESIAN_POINT('',(96.718975032,6.,22.5));
#4941=DIRECTION('',(1.,0.,-0.));
#4942=VECTOR('',#4941,1.562049935);
#4943=LINE('',#4940,#4942);
#4944=EDGE_CURVE('',#4908,#4910,#4943,.T.);
#4945=ORIENTED_EDGE('',*,*,#4944,.F.);
#4946=ORIENTED_EDGE('',*,*,#4916,.T.);
#4947=EDGE_LOOP('',(#4945,#4946));
#4948=FACE_BOUND('',#4947,.T.);
#4949=ORIENTED_EDGE('',*,*,#4735,.F.);
#4950=EDGE_LOOP('',(#4949));
#4951=FACE_BOUND('',#4950,.T.);
#4952=ADVANCED_FACE('',(#4948,#4951),#4939,.T.);
#4953=CARTESIAN_POINT('',(102.878679656,3.878679656,22.5));
#4954=DIRECTION('',(-0.707106781,-0.707106781,0.));
#4955=DIRECTION('',(0.707106781,-0.707106781,0.));
#4956=AXIS2_PLACEMENT_3D('',#4953,#4954,#4955);
#4957=PLANE('',#4956);
#4958=ORIENTED_EDGE('',*,*,#4622,.T.);
#4959=ORIENTED_EDGE('',*,*,#3066,.F.);
#4960=CARTESIAN_POINT('',(101.757359313,5.,22.5));
#4961=DIRECTION('',(0.707106781,-0.707106781,-0.));
#4962=VECTOR('',#4961,2.828427125);
#4963=LINE('',#4960,#4962);
#4964=EDGE_CURVE('',#408,#3053,#4963,.T.);
#4965=ORIENTED_EDGE('',*,*,#4964,.F.);
#4966=ORIENTED_EDGE('',*,*,#413,.T.);
#4967=EDGE_LOOP('',(#4958,#4959,#4965,#4966));
#4968=FACE_BOUND('',#4967,.T.);
#4969=ADVANCED_FACE('',(#4968),#4957,.T.);
#4970=CARTESIAN_POINT('',(0.,0.,22.5));
#4971=DIRECTION('',(0.,0.,1.));
#4972=DIRECTION('',(0.,1.,0.));
#4973=AXIS2_PLACEMENT_3D('',#4970,#4971,#4972);
#4974=PLANE('',#4973);
#4975=ORIENTED_EDGE('',*,*,#3058,.T.);
#4976=CARTESIAN_POINT('',(96.272637571,3.,22.5));
#4977=DIRECTION('',(-0.,1.,-0.));
#4978=VECTOR('',#4977,2.);
#4979=LINE('',#4976,#4978);
#4980=EDGE_CURVE('',#3044,#350,#4979,.T.);
#4981=ORIENTED_EDGE('',*,*,#4980,.T.);
#4982=ORIENTED_EDGE('',*,*,#355,.T.);
#4983=ORIENTED_EDGE('',*,*,#4922,.F.);
#4984=ORIENTED_EDGE('',*,*,#4944,.T.);
#4985=ORIENTED_EDGE('',*,*,#4930,.F.);
#4986=ORIENTED_EDGE('',*,*,#421,.T.);
#4987=ORIENTED_EDGE('',*,*,#4964,.T.);
#4988=EDGE_LOOP('',(#4975,#4981,#4982,#4983,#4984,#4985,#4986,#4987));
#4989=FACE_BOUND('',#4988,.T.);
#4990=ADVANCED_FACE('',(#4989),#4974,.F.);
#4991=CARTESIAN_POINT('',(92.151471863,0.,22.5));
#4992=DIRECTION('',(1.,0.,0.));
#4993=DIRECTION('',(0.,0.,-1.));
#4994=AXIS2_PLACEMENT_3D('',#4991,#4992,#4993);
#4995=PLANE('',#4994);
#4996=ORIENTED_EDGE('',*,*,#381,.F.);
#4997=CARTESIAN_POINT('',(92.151471863,5.,26.498164438));
#4998=DIRECTION('',(0.,-1.,0.));
#4999=VECTOR('',#4998,2.);
#5000=LINE('',#4997,#4999);
#5001=EDGE_CURVE('',#367,#3033,#5000,.T.);
#5002=ORIENTED_EDGE('',*,*,#5001,.T.);
#5003=ORIENTED_EDGE('',*,*,#3087,.T.);
#5004=ORIENTED_EDGE('',*,*,#618,.T.);
#5005=EDGE_LOOP('',(#4996,#5002,#5003,#5004));
#5006=FACE_BOUND('',#5005,.T.);
#5007=ADVANCED_FACE('',(#5006),#4995,.F.);
#5008=CARTESIAN_POINT('',(17.7,0.,22.5));
#5009=DIRECTION('',(-1.,0.,0.));
#5010=DIRECTION('',(0.,0.,1.));
#5011=AXIS2_PLACEMENT_3D('',#5008,#5009,#5010);
#5012=PLANE('',#5011);
#5013=ORIENTED_EDGE('',*,*,#3123,.T.);
#5014=ORIENTED_EDGE('',*,*,#719,.F.);
#5015=ORIENTED_EDGE('',*,*,#104,.F.);
#5016=CARTESIAN_POINT('',(17.7,92.,22.3));
#5017=DIRECTION('',(0.,-1.,0.));
#5018=VECTOR('',#5017,2.);
#5019=LINE('',#5016,#5018);
#5020=EDGE_CURVE('',#3118,#91,#5019,.T.);
#5021=ORIENTED_EDGE('',*,*,#5020,.F.);
#5022=EDGE_LOOP('',(#5013,#5014,#5015,#5021));
#5023=FACE_BOUND('',#5022,.T.);
#5024=ADVANCED_FACE('',(#5023),#5012,.F.);
#5025=CARTESIAN_POINT('',(0.,0.,22.3));
#5026=DIRECTION('',(0.,0.,1.));
#5027=DIRECTION('',(0.,1.,0.));
#5028=AXIS2_PLACEMENT_3D('',#5025,#5026,#5027);
#5029=PLANE('',#5028);
#5030=ORIENTED_EDGE('',*,*,#96,.T.);
#5031=ORIENTED_EDGE('',*,*,#4060,.T.);
#5032=ORIENTED_EDGE('',*,*,#2937,.T.);
#5033=ORIENTED_EDGE('',*,*,#3227,.T.);
#5034=ORIENTED_EDGE('',*,*,#3131,.T.);
#5035=ORIENTED_EDGE('',*,*,#5020,.T.);
#5036=EDGE_LOOP('',(#5030,#5031,#5032,#5033,#5034,#5035));
#5037=FACE_BOUND('',#5036,.T.);
#5038=ADVANCED_FACE('',(#5037),#5029,.F.);
#5039=CARTESIAN_POINT('',(104.878679656,87.121320344,22.5));
#5040=DIRECTION('',(-0.707106781,0.707106781,0.));
#5041=DIRECTION('',(-0.707106781,-0.707106781,0.));
#5042=AXIS2_PLACEMENT_3D('',#5039,#5040,#5041);
#5043=PLANE('',#5042);
#5044=ORIENTED_EDGE('',*,*,#4607,.T.);
#5045=ORIENTED_EDGE('',*,*,#3184,.F.);
#5046=CARTESIAN_POINT('',(107.893875486,90.136516173,22.5));
#5047=DIRECTION('',(-0.707106781,-0.707106781,0.));
#5048=VECTOR('',#5047,2.828427125);
#5049=LINE('',#5046,#5048);
#5050=EDGE_CURVE('',#4006,#3170,#5049,.T.);
#5051=ORIENTED_EDGE('',*,*,#5050,.F.);
#5052=ORIENTED_EDGE('',*,*,#4011,.T.);
#5053=EDGE_LOOP('',(#5044,#5045,#5051,#5052));
#5054=FACE_BOUND('',#5053,.T.);
#5055=ADVANCED_FACE('',(#5054),#5043,.F.);
#5056=CARTESIAN_POINT('',(94.010050506,0.,22.5));
#5057=DIRECTION('',(1.,0.,0.));
#5058=DIRECTION('',(0.,0.,-1.));
#5059=AXIS2_PLACEMENT_3D('',#5056,#5057,#5058);
#5060=PLANE('',#5059);
#5061=ORIENTED_EDGE('',*,*,#760,.F.);
#5062=ORIENTED_EDGE('',*,*,#144,.F.);
#5063=CARTESIAN_POINT('',(94.010050506,90.,22.5));
#5064=DIRECTION('',(0.,1.,0.));
#5065=VECTOR('',#5064,2.);
#5066=LINE('',#5063,#5065);
#5067=EDGE_CURVE('',#441,#131,#5066,.T.);
#5068=ORIENTED_EDGE('',*,*,#5067,.F.);
#5069=ORIENTED_EDGE('',*,*,#503,.T.);
#5070=EDGE_LOOP('',(#5061,#5062,#5068,#5069));
#5071=FACE_BOUND('',#5070,.T.);
#5072=ADVANCED_FACE('',(#5071),#5060,.F.);
#5073=CARTESIAN_POINT('',(0.,0.,22.5));
#5074=DIRECTION('',(0.,0.,1.));
#5075=DIRECTION('',(0.,1.,0.));
#5076=AXIS2_PLACEMENT_3D('',#5073,#5074,#5075);
#5077=PLANE('',#5076);
#5078=ORIENTED_EDGE('',*,*,#136,.T.);
#5079=ORIENTED_EDGE('',*,*,#4018,.T.);
#5080=ORIENTED_EDGE('',*,*,#5050,.T.);
#5081=ORIENTED_EDGE('',*,*,#3176,.T.);
#5082=ORIENTED_EDGE('',*,*,#481,.T.);
#5083=ORIENTED_EDGE('',*,*,#4769,.F.);
#5084=ORIENTED_EDGE('',*,*,#4787,.T.);
#5085=CARTESIAN_POINT('',(96.718975032,90.,22.5));
#5086=DIRECTION('',(-0.,-1.,-0.));
#5087=VECTOR('',#5086,1.);
#5088=LINE('',#5085,#5087);
#5089=EDGE_CURVE('',#439,#4782,#5088,.T.);
#5090=ORIENTED_EDGE('',*,*,#5089,.F.);
#5091=ORIENTED_EDGE('',*,*,#446,.T.);
#5092=ORIENTED_EDGE('',*,*,#5067,.T.);
#5093=EDGE_LOOP('',(#5078,#5079,#5080,#5081,#5082,#5083,#5084,#5090,#5091,#5092));
#5094=FACE_BOUND('',#5093,.T.);
#5095=ADVANCED_FACE('',(#5094),#5077,.F.);
#5096=CARTESIAN_POINT('',(17.989949494,4.,22.5));
#5097=DIRECTION('',(-1.,0.,0.));
#5098=DIRECTION('',(0.,0.,1.));
#5099=AXIS2_PLACEMENT_3D('',#5096,#5097,#5098);
#5100=PLANE('',#5099);
#5101=ORIENTED_EDGE('',*,*,#236,.T.);
#5102=ORIENTED_EDGE('',*,*,#666,.T.);
#5103=ORIENTED_EDGE('',*,*,#270,.F.);
#5104=CARTESIAN_POINT('',(17.989949494,5.,22.5));
#5105=DIRECTION('',(-0.,-1.,-0.));
#5106=VECTOR('',#5105,2.);
#5107=LINE('',#5104,#5106);
#5108=EDGE_CURVE('',#183,#257,#5107,.T.);
#5109=ORIENTED_EDGE('',*,*,#5108,.F.);
#5110=EDGE_LOOP('',(#5101,#5102,#5103,#5109));
#5111=FACE_BOUND('',#5110,.T.);
#5112=ADVANCED_FACE('',(#5111),#5100,.F.);
#5113=CARTESIAN_POINT('',(0.,0.,22.5));
#5114=DIRECTION('',(0.,0.,1.));
#5115=DIRECTION('',(0.,1.,0.));
#5116=AXIS2_PLACEMENT_3D('',#5113,#5114,#5115);
#5117=PLANE('',#5116);
#5118=ORIENTED_EDGE('',*,*,#262,.T.);
#5119=ORIENTED_EDGE('',*,*,#3245,.T.);
#5120=ORIENTED_EDGE('',*,*,#3015,.T.);
#5121=ORIENTED_EDGE('',*,*,#2992,.T.);
#5122=ORIENTED_EDGE('',*,*,#2968,.T.);
#5123=ORIENTED_EDGE('',*,*,#3263,.T.);
#5124=ORIENTED_EDGE('',*,*,#214,.T.);
#5125=ORIENTED_EDGE('',*,*,#4823,.F.);
#5126=ORIENTED_EDGE('',*,*,#4845,.T.);
#5127=ORIENTED_EDGE('',*,*,#4831,.F.);
#5128=ORIENTED_EDGE('',*,*,#188,.T.);
#5129=ORIENTED_EDGE('',*,*,#5108,.T.);
#5130=EDGE_LOOP('',(#5118,#5119,#5120,#5121,#5122,#5123,#5124,#5125,#5126,#5127,#5128,#5129));
#5131=FACE_BOUND('',#5130,.T.);
#5132=ADVANCED_FACE('',(#5131),#5117,.F.);
#5133=CARTESIAN_POINT('',(96.151471863,0.,26.498164438));
#5134=DIRECTION('',(0.,-1.,0.));
#5135=DIRECTION('',(0.,0.,-1.));
#5136=AXIS2_PLACEMENT_3D('',#5133,#5134,#5135);
#5137=CYLINDRICAL_SURFACE('',#5136,4.);
#5138=CARTESIAN_POINT('',(96.151471863,3.,22.498164438));
#5139=DIRECTION('',(-0.,1.,-0.));
#5140=VECTOR('',#5139,2.);
#5141=LINE('',#5138,#5140);
#5142=EDGE_CURVE('',#3035,#358,#5141,.T.);
#5143=ORIENTED_EDGE('',*,*,#5142,.T.);
#5144=ORIENTED_EDGE('',*,*,#364,.F.);
#5145=ORIENTED_EDGE('',*,*,#4980,.F.);
#5146=ORIENTED_EDGE('',*,*,#3050,.F.);
#5147=EDGE_LOOP('',(#5143,#5144,#5145,#5146));
#5148=FACE_BOUND('',#5147,.T.);
#5149=ADVANCED_FACE('',(#5148),#5137,.T.);
#5150=CARTESIAN_POINT('',(46.,70.35,31.5));
#5151=DIRECTION('',(-0.,1.,0.));
#5152=DIRECTION('',(-1.,-0.,0.));
#5153=AXIS2_PLACEMENT_3D('',#5150,#5151,#5152);
#5154=PLANE('',#5153);
#5155=ORIENTED_EDGE('',*,*,#593,.T.);
#5156=CARTESIAN_POINT('',(71.535486245,70.35,31.5));
#5157=VERTEX_POINT('',#5156);
#5158=CARTESIAN_POINT('',(71.535486245,70.35,31.5));
#5159=DIRECTION('',(0.,0.,-1.));
#5160=VECTOR('',#5159,1.5);
#5161=LINE('',#5158,#5160);
#5162=EDGE_CURVE('',#5157,#578,#5161,.T.);
#5163=ORIENTED_EDGE('',*,*,#5162,.F.);
#5164=CARTESIAN_POINT('',(27.,70.35,31.5));
#5165=VERTEX_POINT('',#5164);
#5166=CARTESIAN_POINT('',(27.,70.35,31.5));
#5167=DIRECTION('',(1.,0.,0.));
#5168=VECTOR('',#5167,44.535486245);
#5169=LINE('',#5166,#5168);
#5170=EDGE_CURVE('',#5165,#5157,#5169,.T.);
#5171=ORIENTED_EDGE('',*,*,#5170,.F.);
#5172=CARTESIAN_POINT('',(27.,70.35,31.5));
#5173=DIRECTION('',(0.,0.,-1.));
#5174=VECTOR('',#5173,1.5);
#5175=LINE('',#5172,#5174);
#5176=EDGE_CURVE('',#5165,#588,#5175,.T.);
#5177=ORIENTED_EDGE('',*,*,#5176,.T.);
#5178=EDGE_LOOP('',(#5155,#5163,#5171,#5177));
#5179=FACE_BOUND('',#5178,.T.);
#5180=ADVANCED_FACE('',(#5179),#5154,.F.);
#5181=CARTESIAN_POINT('',(27.,56.85,31.5));
#5182=DIRECTION('',(-1.,-0.,0.));
#5183=DIRECTION('',(0.,-1.,0.));
#5184=AXIS2_PLACEMENT_3D('',#5181,#5182,#5183);
#5185=PLANE('',#5184);
#5186=ORIENTED_EDGE('',*,*,#601,.T.);
#5187=ORIENTED_EDGE('',*,*,#5176,.F.);
#5188=CARTESIAN_POINT('',(27.,43.35,31.5));
#5189=VERTEX_POINT('',#5188);
#5190=CARTESIAN_POINT('',(27.,43.35,31.5));
#5191=DIRECTION('',(-0.,1.,0.));
#5192=VECTOR('',#5191,27.);
#5193=LINE('',#5190,#5192);
#5194=EDGE_CURVE('',#5189,#5165,#5193,.T.);
#5195=ORIENTED_EDGE('',*,*,#5194,.F.);
#5196=CARTESIAN_POINT('',(27.,43.35,31.5));
#5197=DIRECTION('',(0.,0.,-1.));
#5198=VECTOR('',#5197,1.5);
#5199=LINE('',#5196,#5198);
#5200=EDGE_CURVE('',#5189,#596,#5199,.T.);
#5201=ORIENTED_EDGE('',*,*,#5200,.T.);
#5202=EDGE_LOOP('',(#5186,#5187,#5195,#5201));
#5203=FACE_BOUND('',#5202,.T.);
#5204=ADVANCED_FACE('',(#5203),#5185,.F.);
#5205=CARTESIAN_POINT('',(46.,43.35,31.5));
#5206=DIRECTION('',(0.,-1.,0.));
#5207=DIRECTION('',(1.,0.,0.));
#5208=AXIS2_PLACEMENT_3D('',#5205,#5206,#5207);
#5209=PLANE('',#5208);
#5210=ORIENTED_EDGE('',*,*,#607,.T.);
#5211=ORIENTED_EDGE('',*,*,#5200,.F.);
#5212=CARTESIAN_POINT('',(71.535486245,43.35,31.5));
#5213=VERTEX_POINT('',#5212);
#5214=CARTESIAN_POINT('',(71.535486245,43.35,31.5));
#5215=DIRECTION('',(-1.,-0.,0.));
#5216=VECTOR('',#5215,44.535486245);
#5217=LINE('',#5214,#5216);
#5218=EDGE_CURVE('',#5213,#5189,#5217,.T.);
#5219=ORIENTED_EDGE('',*,*,#5218,.F.);
#5220=CARTESIAN_POINT('',(71.535486245,43.35,31.5));
#5221=DIRECTION('',(0.,0.,-1.));
#5222=VECTOR('',#5221,1.5);
#5223=LINE('',#5220,#5222);
#5224=EDGE_CURVE('',#5213,#580,#5223,.T.);
#5225=ORIENTED_EDGE('',*,*,#5224,.T.);
#5226=EDGE_LOOP('',(#5210,#5211,#5219,#5225));
#5227=FACE_BOUND('',#5226,.T.);
#5228=ADVANCED_FACE('',(#5227),#5209,.F.);
#5229=CARTESIAN_POINT('',(71.535486245,56.85,31.5));
#5230=DIRECTION('',(1.,0.,0.));
#5231=DIRECTION('',(-0.,1.,0.));
#5232=AXIS2_PLACEMENT_3D('',#5229,#5230,#5231);
#5233=PLANE('',#5232);
#5234=ORIENTED_EDGE('',*,*,#585,.T.);
#5235=ORIENTED_EDGE('',*,*,#5224,.F.);
#5236=CARTESIAN_POINT('',(71.535486245,70.35,31.5));
#5237=DIRECTION('',(0.,-1.,0.));
#5238=VECTOR('',#5237,27.);
#5239=LINE('',#5236,#5238);
#5240=EDGE_CURVE('',#5157,#5213,#5239,.T.);
#5241=ORIENTED_EDGE('',*,*,#5240,.F.);
#5242=ORIENTED_EDGE('',*,*,#5162,.T.);
#5243=EDGE_LOOP('',(#5234,#5235,#5241,#5242));
#5244=FACE_BOUND('',#5243,.T.);
#5245=ADVANCED_FACE('',(#5244),#5233,.F.);
#5246=CARTESIAN_POINT('',(0.,0.,31.5));
#5247=DIRECTION('',(0.,0.,1.));
#5248=DIRECTION('',(0.,1.,0.));
#5249=AXIS2_PLACEMENT_3D('',#5246,#5247,#5248);
#5250=PLANE('',#5249);
#5251=ORIENTED_EDGE('',*,*,#5170,.T.);
#5252=ORIENTED_EDGE('',*,*,#5240,.T.);
#5253=ORIENTED_EDGE('',*,*,#5218,.T.);
#5254=ORIENTED_EDGE('',*,*,#5194,.T.);
#5255=EDGE_LOOP('',(#5251,#5252,#5253,#5254));
#5256=FACE_BOUND('',#5255,.T.);
#5257=ADVANCED_FACE('',(#5256),#5250,.F.);
#5258=CARTESIAN_POINT('',(104.,8.,26.));
#5259=DIRECTION('',(0.,0.,1.));
#5260=DIRECTION('',(1.,0.,-0.));
#5261=AXIS2_PLACEMENT_3D('',#5258,#5259,#5260);
#5262=CYLINDRICAL_SURFACE('',#5261,5.);
#5263=ORIENTED_EDGE('',*,*,#4036,.F.);
#5264=ORIENTED_EDGE('',*,*,#635,.F.);
#5265=ORIENTED_EDGE('',*,*,#3080,.F.);
#5266=ORIENTED_EDGE('',*,*,#4634,.T.);
#5267=EDGE_LOOP('',(#5263,#5264,#5265,#5266));
#5268=FACE_BOUND('',#5267,.T.);
#5269=ADVANCED_FACE('',(#5268),#5262,.T.);
#5270=CARTESIAN_POINT('',(97.5,89.,25.5));
#5271=DIRECTION('',(0.,1.,0.));
#5272=DIRECTION('',(0.,-0.,1.));
#5273=AXIS2_PLACEMENT_3D('',#5270,#5271,#5272);
#5274=CYLINDRICAL_SURFACE('',#5273,3.1);
#5275=ORIENTED_EDGE('',*,*,#4754,.F.);
#5276=ORIENTED_EDGE('',*,*,#455,.F.);
#5277=ORIENTED_EDGE('',*,*,#5089,.T.);
#5278=ORIENTED_EDGE('',*,*,#4795,.F.);
#5279=EDGE_LOOP('',(#5275,#5276,#5277,#5278));
#5280=FACE_BOUND('',#5279,.T.);
#5281=ADVANCED_FACE('',(#5280),#5274,.T.);
#5282=CARTESIAN_POINT('',(96.151471863,0.,26.498164438));
#5283=DIRECTION('',(0.,-1.,0.));
#5284=DIRECTION('',(0.,0.,-1.));
#5285=AXIS2_PLACEMENT_3D('',#5282,#5283,#5284);
#5286=CYLINDRICAL_SURFACE('',#5285,4.);
#5287=ORIENTED_EDGE('',*,*,#5142,.F.);
#5288=ORIENTED_EDGE('',*,*,#3041,.F.);
#5289=ORIENTED_EDGE('',*,*,#5001,.F.);
#5290=ORIENTED_EDGE('',*,*,#373,.F.);
#5291=EDGE_LOOP('',(#5287,#5288,#5289,#5290));
#5292=FACE_BOUND('',#5291,.T.);
#5293=ADVANCED_FACE('',(#5292),#5286,.T.);
#5294=CLOSED_SHELL('',(#114,#174,#240,#300,#332,#432,#507,#539,#571,#1458,#2056,#2075,#2094,#2113,#2132,#2156,#2177,#2193,#2219,#2238,#2254,#2278,#2299,#2315,#2339,#2360,
#2376,#2402,#2421,#2437,#2458,#2479,#2495,#2517,#2538,#2554,#2580,#2596,#2612,#2638,#2655,#2671,#2697,#2716,#2732,#2758,#2779,#2795,#2821,#2842,#2858,
#2884,#2900,#2916,#2947,#2978,#3002,#3026,#3111,#3162,#3197,#3215,#3233,#3251,#3269,#3293,#3311,#3329,#3347,#3365,#3383,#3401,#3413,#3464,#3498,#3528,
#3538,#3589,#3623,#3653,#3663,#3714,#3748,#3778,#3788,#3839,#3873,#3903,#3913,#3932,#3951,#3970,#3989,#4024,#4048,#4066,#4117,#4151,#4165,#4175,#4209,
#4230,#4247,#4264,#4288,#4316,#4340,#4364,#4388,#4424,#4444,#4480,#4496,#4516,#4540,#4564,#4592,#4611,#4638,#4664,#4690,#4716,#4742,#4775,#4802,#4835,
#4853,#4888,#4901,#4934,#4952,#4969,#4990,#5007,#5024,#5038,#5055,#5072,#5095,#5112,#5132,#5149,#5180,#5204,#5228,#5245,#5257,#5269,#5281,#5293));
#5295=MANIFOLD_SOLID_BREP('top',#5294);
#5296=COLOUR_RGB('',0.992156863,0.972549021,0.937254906);
#5297=FILL_AREA_STYLE_COLOUR('',#5296);
#5298=FILL_AREA_STYLE('',(#5297));
#5299=SURFACE_STYLE_FILL_AREA(#5298);
#5300=SURFACE_SIDE_STYLE('',(#5299));
#5301=SURFACE_STYLE_USAGE(.BOTH.,#5300);
#5302=PRESENTATION_STYLE_ASSIGNMENT((#5301));
#54=STYLED_ITEM('',(#5302),#5295);
#35=SHAPE_REPRESENTATION('top',(#15),#33);
#36=ADVANCED_BREP_SHAPE_REPRESENTATION('top',(#5295),#33);
#5310=SHAPE_REPRESENTATION_RELATIONSHIP('','',#35,#36);
#5311=CARTESIAN_POINT('',(0.,0.,0.));
#5312=DIRECTION('',(0.,0.,1.));
#5313=DIRECTION('',(1.,0.,0.));
#5314=AXIS2_PLACEMENT_3D('',#5311,#5312,#5313);
#5316=MAPPED_ITEM('',#5315,#5314);
#5315=REPRESENTATION_MAP(#5314,#35);
#5317=APPLICATION_CONTEXT('Managed model based 3d engineering');
#5318=APPLICATION_PROTOCOL_DEFINITION('international standard','ap242_managed_model_based_3d_engineering',2014,#5317);
#5319=PRODUCT_CONTEXT('',#5317,'mechanical');
#5320=PRODUCT_DEFINITION_CONTEXT('part definition',#5317,'design');
#43=PRODUCT('top','top','',(#5319));
#5321=PRODUCT_RELATED_PRODUCT_CATEGORY('part','',(#43));
#5322=PRODUCT_DEFINITION_FORMATION_WITH_SPECIFIED_SOURCE('','',#43,.NOT_KNOWN.);
#44=PRODUCT_DEFINITION('design','',#5322,#5320);
#42=PRODUCT_DEFINITION_SHAPE('','',#44);
#5323=SHAPE_DEFINITION_REPRESENTATION(#42,#35);
#34=DRAUGHTING_MODEL('',(#5316),#33);
#16=SHAPE_REPRESENTATION('root',(#15,#48),#10);
#5324=CARTESIAN_POINT('',(0.,0.,0.));
#5325=DIRECTION('',(0.,0.,1.));
#5326=DIRECTION('',(1.,0.,0.));
#5327=AXIS2_PLACEMENT_3D('',#5324,#5325,#5326);
#5329=MAPPED_ITEM('',#5328,#5327);
#5328=REPRESENTATION_MAP(#5327,#16);
#24=PRODUCT('root','root','',(#5319));
#5330=PRODUCT_RELATED_PRODUCT_CATEGORY('part','',(#24));
#5331=PRODUCT_DEFINITION_FORMATION_WITH_SPECIFIED_SOURCE('','',#24,.NOT_KNOWN.);
#25=PRODUCT_DEFINITION('design','',#5331,#5320);
#23=PRODUCT_DEFINITION_SHAPE('','',#25);
#5332=SHAPE_DEFINITION_REPRESENTATION(#23,#16);
#11=DRAUGHTING_MODEL('',(#5329),#10);
#5333=DESCRIPTIVE_REPRESENTATION_ITEM('KEY','/Users/jonathanpiette/Library/Containers/com.shapr3d.shapr/Data/tmp/7CFC623D-F6CC-477F-A67B-6040D5490A13.tmp');
#5334=PROPERTY_DEFINITION('KEY','',#25);
#5335=REPRESENTATION('',(#5333),#10);
#5336=PROPERTY_DEFINITION_REPRESENTATION(#5334,#5335);
#5337=GENERAL_PROPERTY('','KEY','');
#5338=GENERAL_PROPERTY_ASSOCIATION('','',#5337,#5334);
#1=MECHANICAL_DESIGN_GEOMETRIC_PRESENTATION_REPRESENTATION('',(#54),#10);
ENDSEC;
END-ISO-10303-21;
